cod_mod,cod_local,nombre,gestion,distrito,direccion,datos,activo,periodo_padron
1065770,863833,MARIA DE LOS ANGELES CIMA'S,Privada,LIMA,AVENIDA AREQUIPA 1010,"{""director"":""VILLANUEVA CHAVEZ FRANCISCO CELSO"",""telefono"":""3327635"",""email"":null,""pagweb"":""www.cimas.edu.pe"",""dependencia"":""Particular"",""nivel_modalidad"":""Instituto Superior Tecnológico"",""region"":""DRE LIMA METROPOLITANA"",""dre_ugel"":""DRE LIMA METROPOLITANA"",""latitud"":-12.07476,""longitud"":-77.03607,""turno"":""Mañana-Noche"",""estado_codigo"":""1"",""estado"":""Activo"",""fecha_actualizacion_fuente"":""13-08-2026"",""modalidad"":""SUPERIOR""}",true,2026
1066570,856390,PAUL MULLER,Privada,LIMA,AVENIDA GUZMAN BLANCO 309,"{""director"":""MIRANDA ROMERO MARCO ANTONIO"",""telefono"":""4231408"",""email"":null,""pagweb"":null,""dependencia"":""Particular"",""nivel_modalidad"":""Instituto Superior Tecnológico"",""region"":""DRE LIMA METROPOLITANA"",""dre_ugel"":""DRE LIMA METROPOLITANA"",""latitud"":-12.06229,""longitud"":-77.04035,""turno"":""Mañana-Noche"",""estado_codigo"":""1"",""estado"":""Activo"",""fecha_actualizacion_fuente"":""13-08-2026"",""modalidad"":""SUPERIOR""}",true,2026
1123637,856413,SAN IGNACIO DE MONTERRICO - SIDEM,Privada,PACHACAMAC,AVENIDA LIMA 1725,"{""director"":""NAVARRO LUJAN NANCY MIRIAM"",""telefono"":""2751319"",""email"":null,""pagweb"":""www.sidem.edu.pe"",""dependencia"":""Particular"",""nivel_modalidad"":""Instituto Superior Tecnológico"",""region"":""DRE LIMA METROPOLITANA"",""dre_ugel"":""DRE LIMA METROPOLITANA"",""latitud"":-12.22124,""longitud"":-76.90765,""turno"":""Mañana-Noche"",""estado_codigo"":""1"",""estado"":""Activo"",""fecha_actualizacion_fuente"":""13-08-2026"",""modalidad"":""SUPERIOR""}",true,2026
1066935,322152,INTERNACIONAL,Privada,SAN BORJA,AVENIDA ANGAMOS ESTE S/N MZ H6,"{""director"":""CHERRES SEMINARIO ARTURO RAFAEL"",""telefono"":""2246278"",""email"":null,""pagweb"":null,""dependencia"":""Particular"",""nivel_modalidad"":""Instituto Superior Tecnológico"",""region"":""DRE LIMA METROPOLITANA"",""dre_ugel"":""DRE LIMA METROPOLITANA"",""latitud"":-12.1112,""longitud"":-76.9961,""turno"":""Mañana-Noche"",""estado_codigo"":""1"",""estado"":""Activo"",""fecha_actualizacion_fuente"":""13-08-2026"",""modalidad"":""SUPERIOR""}",true,2026
1066257,290655,FRANKLIN ROOSEVELT,Privada,LINCE,AVENIDA AREQUIPA 2349,"{""director"":""ROSAS GOMEZ ROBERTO JONAS"",""telefono"":""4411755"",""email"":null,""pagweb"":null,""dependencia"":""Particular"",""nivel_modalidad"":""Instituto Superior Tecnológico"",""region"":""DRE LIMA METROPOLITANA"",""dre_ugel"":""DRE LIMA METROPOLITANA"",""latitud"":-12.087599,""longitud"":-77.033875,""turno"":""Mañana-Noche"",""estado_codigo"":""1"",""estado"":""Activo"",""fecha_actualizacion_fuente"":""13-08-2026"",""modalidad"":""SUPERIOR""}",true,2026
0702373,290518,CIBERTEC,Privada,LIMA,AVENIDA URUGUAY 514,"{""director"":""HERRERA BURSTEIN YURI ENRIQUE"",""telefono"":""4238215 - 4245809 - 4115888"",""email"":null,""pagweb"":null,""dependencia"":""Particular"",""nivel_modalidad"":""Instituto Superior Tecnológico"",""region"":""DRE LIMA METROPOLITANA"",""dre_ugel"":""DRE LIMA METROPOLITANA"",""latitud"":-12.05427,""longitud"":-77.04099,""turno"":""Mañana-Tarde-Noche"",""estado_codigo"":""1"",""estado"":""Activo"",""fecha_actualizacion_fuente"":""13-08-2026"",""modalidad"":""SUPERIOR""}",true,2026
1115203,348500,HUMBERTO CAUWE,Privada,VILLA MARIA DEL TRIUNFO,AVENIDA PACHACUTEC 1872,"{""director"":""INFANTES PACHAS PEDRO GONZALO"",""telefono"":""4506167"",""email"":""hcauwe@hotmail.com"",""pagweb"":null,""dependencia"":""Particular"",""nivel_modalidad"":""Instituto Superior Tecnológico"",""region"":""DRE LIMA METROPOLITANA"",""dre_ugel"":""DRE LIMA METROPOLITANA"",""latitud"":-12.16418,""longitud"":-76.95417,""turno"":""Mañana-Noche"",""estado_codigo"":""1"",""estado"":""Activo"",""fecha_actualizacion_fuente"":""13-08-2026"",""modalidad"":""SUPERIOR""}",true,2026
1066091,290580,NICOLAS COPERNICO,Privada,LIMA,AVENIDA AREQUIPA 1215,"{""director"":""GAO CHUNG JADMI GINA"",""telefono"":""4722426"",""email"":null,""pagweb"":null,""dependencia"":""Particular"",""nivel_modalidad"":""Instituto Superior Tecnológico"",""region"":""DRE LIMA METROPOLITANA"",""dre_ugel"":""DRE LIMA METROPOLITANA"",""latitud"":-12.07697,""longitud"":-77.03531,""turno"":""Mañana-Noche"",""estado_codigo"":""1"",""estado"":""Activo"",""fecha_actualizacion_fuente"":""13-08-2026"",""modalidad"":""SUPERIOR""}",true,2026
0605238,290783,NUESTRA SEÑORA DEL CARMEN,Privada,LIMA,JIRON WASHINGTON 1102,"{""director"":""CAVIEDES NANCAY JOSE MERCEDES"",""telefono"":""4317477 - 4315483"",""email"":null,""pagweb"":null,""dependencia"":""Particular"",""nivel_modalidad"":""Instituto Superior Tecnológico"",""region"":""DRE LIMA METROPOLITANA"",""dre_ugel"":""DRE LIMA METROPOLITANA"",""latitud"":-12.05336,""longitud"":-77.03975,""turno"":""Mañana-Noche"",""estado_codigo"":""1"",""estado"":""Activo"",""fecha_actualizacion_fuente"":""13-08-2026"",""modalidad"":""SUPERIOR""}",true,2026
0702654,290702,TUSAN,Privada,LIMA,AVENIDA 9 DE DICIEMBRE 346-372-378,"{""director"":""CHECA CARLIN ELIZABETH"",""telefono"":""3391473"",""email"":null,""pagweb"":null,""dependencia"":""Particular"",""nivel_modalidad"":""Instituto Superior Tecnológico"",""region"":""DRE LIMA METROPOLITANA"",""dre_ugel"":""DRE LIMA METROPOLITANA"",""latitud"":-12.059902,""longitud"":-77.039851,""turno"":""Noche"",""estado_codigo"":""1"",""estado"":""Activo"",""fecha_actualizacion_fuente"":""13-08-2026"",""modalidad"":""SUPERIOR""}",true,2026
1115856,317867,PERUANO DE MARKETING,Privada,MIRAFLORES,AVENIDA PASEO DE LA REPUBLICA 6099,"{""director"":""PIAZZE GARCINICA GUSTAVO JAVIER"",""telefono"":""4470074"",""email"":""informesipm@yahoo.com"",""pagweb"":null,""dependencia"":""Particular"",""nivel_modalidad"":""Instituto Superior Tecnológico"",""region"":""DRE LIMA METROPOLITANA"",""dre_ugel"":""DRE LIMA METROPOLITANA"",""latitud"":-12.1283,""longitud"":-77.02292,""turno"":""Mañana-Noche"",""estado_codigo"":""1"",""estado"":""Activo"",""fecha_actualizacion_fuente"":""13-08-2026"",""modalidad"":""SUPERIOR""}",true,2026
1114487,681951,CENTRO DE INVESTIGACION Y CAPACITACION TECNOLOGICA - CICAT,Privada,CARABAYLLO,AVENIDA UNIVERSITARIA 381,"{""director"":""MUCHA MONTOYA RUTH HAYDEE"",""telefono"":""5440656 - 4873974"",""email"":""istpcicat@hotmail.com"",""pagweb"":null,""dependencia"":""Particular"",""nivel_modalidad"":""Instituto Superior Tecnológico"",""region"":""DRE LIMA METROPOLITANA"",""dre_ugel"":""DRE LIMA METROPOLITANA"",""latitud"":-11.89532,""longitud"":-77.03726,""turno"":""Mañana-Noche"",""estado_codigo"":""1"",""estado"":""Activo"",""fecha_actualizacion_fuente"":""13-08-2026"",""modalidad"":""SUPERIOR""}",true,2026
1065135,299104,ANTENOR ORREGO ESPINOZA,Pública de gestión directa,CHORRILLOS,AVENIDA CIRO ALEGRIA CUADRA 2,"{""director"":""VILLAGOMEZ BARDON DE HUERTA BETHSABELL LUISA"",""telefono"":""4670211"",""email"":null,""pagweb"":null,""dependencia"":""Sector Educación"",""nivel_modalidad"":""Instituto Superior Tecnológico"",""region"":""DRE LIMA METROPOLITANA"",""dre_ugel"":""DRE LIMA METROPOLITANA"",""latitud"":-12.18544,""longitud"":-76.99753,""turno"":""Mañana-Noche"",""estado_codigo"":""1"",""estado"":""Activo"",""fecha_actualizacion_fuente"":""13-08-2026"",""modalidad"":""SUPERIOR""}",true,2026
1065291,682291,HUAYCAN,Pública de gestión directa,ATE,AVENIDA PROLONGACION 15 DE JULIO S/N,"{""director"":""QUIÑONEZ MACHA JULIO CESAR"",""telefono"":""950037816"",""email"":null,""pagweb"":null,""dependencia"":""Sector Educación"",""nivel_modalidad"":""Instituto Superior Tecnológico"",""region"":""DRE LIMA METROPOLITANA"",""dre_ugel"":""DRE LIMA METROPOLITANA"",""latitud"":-12.01611,""longitud"":-76.82758,""turno"":""Mañana-Noche"",""estado_codigo"":""1"",""estado"":""Activo"",""fecha_actualizacion_fuente"":""13-08-2026"",""modalidad"":""SUPERIOR""}",true,2026
1065978,081206,INSTITUTO DE FORMACION EN SALUD SOUTHERN,Privada,LIMA,AVENIDA WILSON 1044,"{""director"":""HERQUINO VEGA CARMEN ROCIO"",""telefono"":""4237205"",""email"":null,""pagweb"":null,""dependencia"":""Particular"",""nivel_modalidad"":""Instituto Superior Tecnológico"",""region"":""DRE LIMA METROPOLITANA"",""dre_ugel"":""DRE LIMA METROPOLITANA"",""latitud"":-12.04592,""longitud"":-77.030496,""turno"":""Mañana-Tarde"",""estado_codigo"":""1"",""estado"":""Activo"",""fecha_actualizacion_fuente"":""13-08-2026"",""modalidad"":""SUPERIOR""}",true,2026
1065895,604024,JOSE FELIX IGUAIN,Privada,LIMA,AVENIDA INCA GARCILAZO DE LA VEGA 1584,"{""director"":""PONTE REYES DILVER EPIFANIO"",""telefono"":""3308461"",""email"":null,""pagweb"":null,""dependencia"":""Particular"",""nivel_modalidad"":""Instituto Superior Tecnológico"",""region"":""DRE LIMA METROPOLITANA"",""dre_ugel"":""DRE LIMA METROPOLITANA"",""latitud"":-12.06104,""longitud"":-77.03797,""turno"":""Mañana-Noche"",""estado_codigo"":""1"",""estado"":""Activo"",""fecha_actualizacion_fuente"":""13-08-2026"",""modalidad"":""SUPERIOR""}",true,2026
1113851,323528,NINA DESIGN,Privada,SAN ISIDRO,CALLE LOS HALCONES 129,"{""director"":""CONDORI BENAVIDES ELAR GAMALIEL"",""telefono"":""4401270"",""email"":null,""pagweb"":""www.institutoninadesign.com"",""dependencia"":""Particular"",""nivel_modalidad"":""Instituto Superior Tecnológico"",""region"":""DRE LIMA METROPOLITANA"",""dre_ugel"":""DRE LIMA METROPOLITANA"",""latitud"":-12.09821,""longitud"":-77.02103,""turno"":""Mañana"",""estado_codigo"":""1"",""estado"":""Activo"",""fecha_actualizacion_fuente"":""13-08-2026"",""modalidad"":""SUPERIOR""}",true,2026
1114842,840993,TOULOUSE LAUTREC,Privada,SANTIAGO DE SURCO,AVENIDA PRIMAVERA 970,"{""director"":""CAMPODONICO CENTURION SILVIA TATTIANA"",""telefono"":""6172436"",""email"":null,""pagweb"":""www.toulouse.edu"",""dependencia"":""Particular"",""nivel_modalidad"":""Instituto Superior Tecnológico"",""region"":""DRE LIMA METROPOLITANA"",""dre_ugel"":""DRE LIMA METROPOLITANA"",""latitud"":-12.110727,""longitud"":-76.982363,""turno"":""Mañana"",""estado_codigo"":""1"",""estado"":""Activo"",""fecha_actualizacion_fuente"":""13-08-2026"",""modalidad"":""SUPERIOR""}",true,2026
1066695,682352,INSTITUTO EN CIENCIAS DE LA SALUD BARTON,Privada,SAN MIGUEL,JIRON SUCRE 503,"{""director"":""CHUMPITAZ PANTA ELVA"",""telefono"":""2654210"",""email"":null,""pagweb"":null,""dependencia"":""Particular"",""nivel_modalidad"":""Instituto Superior Tecnológico"",""region"":""DRE LIMA METROPOLITANA"",""dre_ugel"":""DRE LIMA METROPOLITANA"",""latitud"":-12.092533,""longitud"":-77.079153,""turno"":""Mañana-Noche"",""estado_codigo"":""1"",""estado"":""Activo"",""fecha_actualizacion_fuente"":""13-08-2026"",""modalidad"":""SUPERIOR""}",true,2026
1064971,535417,MANUEL SEOANE CORRALES,Pública de gestión directa,SAN JUAN DE LURIGANCHO,AVENIDA FERNANDO WISSE CUADRA 44 KM 10,"{""director"":""LOPEZ REYNA RAUL WILLIAM"",""telefono"":""3921534 - 3923574"",""email"":null,""pagweb"":null,""dependencia"":""Sector Educación"",""nivel_modalidad"":""Instituto Superior Tecnológico"",""region"":""DRE LIMA METROPOLITANA"",""dre_ugel"":""DRE LIMA METROPOLITANA"",""latitud"":-11.956192,""longitud"":-76.986211,""turno"":""Mañana-Noche"",""estado_codigo"":""1"",""estado"":""Activo"",""fecha_actualizacion_fuente"":""13-08-2026"",""modalidad"":""SUPERIOR""}",true,2026
0705012,330010,GILDA LILIANA BALLIVIAN ROSADO,Pública de gestión directa,SAN JUAN DE MIRAFLORES,AVENIDA VARGAS MACHUCA 315,"{""director"":""SOVERO SOVERO LEDGAR NICOLAO"",""telefono"":""4665595"",""email"":null,""pagweb"":null,""dependencia"":""Sector Educación"",""nivel_modalidad"":""Instituto Superior Tecnológico"",""region"":""DRE LIMA METROPOLITANA"",""dre_ugel"":""DRE LIMA METROPOLITANA"",""latitud"":-12.16504,""longitud"":-76.97479,""turno"":""Mañana-Noche"",""estado_codigo"":""1"",""estado"":""Activo"",""fecha_actualizacion_fuente"":""13-08-2026"",""modalidad"":""SUPERIOR""}",true,2026
1115096,339850,TECSUP NO.1,Privada,SANTA ANITA,AVENIDA CASACANUECES 221,"{""director"":""GARCIA CALDERON BARREDA JUAN MANUEL"",""telefono"":""3173900 - 3540617"",""email"":null,""pagweb"":""www.tecsup.edu.pe"",""dependencia"":""Particular"",""nivel_modalidad"":""Instituto Superior Tecnológico"",""region"":""DRE LIMA METROPOLITANA"",""dre_ugel"":""DRE LIMA METROPOLITANA"",""latitud"":-12.04524,""longitud"":-76.95197,""turno"":""Mañana-Noche"",""estado_codigo"":""1"",""estado"":""Activo"",""fecha_actualizacion_fuente"":""13-08-2026"",""modalidad"":""SUPERIOR""}",true,2026
1123157,317103,INSTITUTO PERUANO DE ARTE Y DISEÑO,Privada,MIRAFLORES,AVENIDA ALFREDO BENAVIDES 705 - 715,"{""director"":""ESPEJO BOSSIO JUAN"",""telefono"":""2557004"",""email"":null,""pagweb"":""www.ipad.edu.pe"",""dependencia"":""Particular"",""nivel_modalidad"":""Instituto Superior Tecnológico"",""region"":""DRE LIMA METROPOLITANA"",""dre_ugel"":""DRE LIMA METROPOLITANA"",""latitud"":-12.125,""longitud"":-77.02548,""turno"":""Mañana-Tarde-Noche"",""estado_codigo"":""1"",""estado"":""Activo"",""fecha_actualizacion_fuente"":""13-08-2026"",""modalidad"":""SUPERIOR""}",true,2026
1114370,310516,LIMATAMBO,Privada,MAGDALENA DEL MAR,AVENIDA SUCRE 810,"{""director"":""MALPARTIDA TELLO BERTILIO"",""telefono"":""2635084"",""email"":""limatamboinstituto@gmail.com"",""pagweb"":null,""dependencia"":""Particular"",""nivel_modalidad"":""Instituto Superior Tecnológico"",""region"":""DRE LIMA METROPOLITANA"",""dre_ugel"":""DRE LIMA METROPOLITANA"",""latitud"":-12.09125,""longitud"":-77.07019,""turno"":""Mañana-Noche"",""estado_codigo"":""1"",""estado"":""Activo"",""fecha_actualizacion_fuente"":""13-08-2026"",""modalidad"":""SUPERIOR""}",true,2026
1123710,682314,BETA COMPUTER,Privada,SAN MARTIN DE PORRES,AVENIDA MAYORAZGO MZ D LOTE 21,"{""director"":""BLAS CHAVEZ GERONIMO"",""telefono"":""2250123"",""email"":null,""pagweb"":null,""dependencia"":""Particular"",""nivel_modalidad"":""Instituto Superior Tecnológico"",""region"":""DRE LIMA METROPOLITANA"",""dre_ugel"":""DRE LIMA METROPOLITANA"",""latitud"":-12.029867,""longitud"":-77.05831,""turno"":""Mañana-Noche"",""estado_codigo"":""1"",""estado"":""Activo"",""fecha_actualizacion_fuente"":""13-08-2026"",""modalidad"":""SUPERIOR""}",true,2026
0702688,310535,CEVATUR PERU,Privada,LINCE,AVENIDA AREQUIPA 2515,"{""director"":""VITERI MERCADO CARLOS ANTONIO"",""telefono"":""4227142"",""email"":""cevatur@hotmail.com"",""pagweb"":null,""dependencia"":""Particular"",""nivel_modalidad"":""Instituto Superior Tecnológico"",""region"":""DRE LIMA METROPOLITANA"",""dre_ugel"":""DRE LIMA METROPOLITANA"",""latitud"":-12.08901,""longitud"":-77.03364,""turno"":""Mañana-Noche"",""estado_codigo"":""1"",""estado"":""Activo"",""fecha_actualizacion_fuente"":""13-08-2026"",""modalidad"":""SUPERIOR""}",true,2026
1115807,307241,OPTICA Y OPTOMETRIA,Privada,JESUS MARIA,JIRON HUAYNA CAPAC 1259,"{""director"":""PONCE HUERE OSCAR JAIME"",""telefono"":""3307128"",""email"":null,""pagweb"":""www.optometriaperu.com"",""dependencia"":""Particular"",""nivel_modalidad"":""Instituto Superior Tecnológico"",""region"":""DRE LIMA METROPOLITANA"",""dre_ugel"":""DRE LIMA METROPOLITANA"",""latitud"":-12.07446,""longitud"":-77.04404,""turno"":""Mañana-Noche"",""estado_codigo"":""1"",""estado"":""Activo"",""fecha_actualizacion_fuente"":""13-08-2026"",""modalidad"":""SUPERIOR""}",true,2026
0605188,290542,CAYETANO HEREDIA DE LIMA,Privada,LIMA,AVENIDA URUGUAY 315,"{""director"":""RONCEROS RIOS ROSA MARIA"",""telefono"":""4338242"",""email"":null,""pagweb"":null,""dependencia"":""Particular"",""nivel_modalidad"":""Instituto Superior Tecnológico"",""region"":""DRE LIMA METROPOLITANA"",""dre_ugel"":""DRE LIMA METROPOLITANA"",""latitud"":-12.04592,""longitud"":-77.030496,""turno"":""Mañana"",""estado_codigo"":""1"",""estado"":""Activo"",""fecha_actualizacion_fuente"":""13-08-2026"",""modalidad"":""SUPERIOR""}",true,2026
1065655,311276,MANUEL AREVALO CACERES,Pública de gestión directa,LOS OLIVOS,AVENIDA LOS ALISOS 858,"{""director"":""ALANYA TOLENTINO JAVIER MAURO"",""telefono"":""5238712"",""email"":null,""pagweb"":""www.istmac.com"",""dependencia"":""Sector Educación"",""nivel_modalidad"":""Instituto Superior Tecnológico"",""region"":""DRE LIMA METROPOLITANA"",""dre_ugel"":""DRE LIMA METROPOLITANA"",""latitud"":-11.98323,""longitud"":-77.07367,""turno"":""Mañana-Noche"",""estado_codigo"":""1"",""estado"":""Activo"",""fecha_actualizacion_fuente"":""13-08-2026"",""modalidad"":""SUPERIOR""}",true,2026
1065572,302031,CARLOS CUETO FERNANDINI,Pública de gestión directa,COMAS,AVENIDA TUPAC AMARU KM 8,"{""director"":""POQUIS VELASQUEZ ESTELA"",""telefono"":""5250105 - 5251717"",""email"":null,""pagweb"":null,""dependencia"":""Sector Educación"",""nivel_modalidad"":""Instituto Superior Tecnológico"",""region"":""DRE LIMA METROPOLITANA"",""dre_ugel"":""DRE LIMA METROPOLITANA"",""latitud"":-11.96322,""longitud"":-77.05544,""turno"":""Mañana-Noche"",""estado_codigo"":""1"",""estado"":""Activo"",""fecha_actualizacion_fuente"":""13-08-2026"",""modalidad"":""SUPERIOR""}",true,2026
1123793,322779,ALEXANDER VON HUMBOLDT,Privada,SANTIAGO DE SURCO,AVENIDA ALFREDO BENAVIDES 3572,"{""director"":""LANDA ROJAS YVA GIZELA"",""telefono"":""6179090 - 4487000"",""email"":null,""pagweb"":null,""dependencia"":""Particular"",""nivel_modalidad"":""Instituto Superior Tecnológico"",""region"":""DRE LIMA METROPOLITANA"",""dre_ugel"":""DRE LIMA METROPOLITANA"",""latitud"":-12.129,""longitud"":-76.99935,""turno"":""Mañana"",""estado_codigo"":""1"",""estado"":""Activo"",""fecha_actualizacion_fuente"":""13-08-2026"",""modalidad"":""SUPERIOR""}",true,2026
1066059,681932,OSCAR MIRO QUESADA DE LA GUERRA RACSO,Privada,LIMA,AVENIDA GARCILAZO DE LA VEGA 1538,"{""director"":""ASCARZA URRIBARI RAFAEL"",""telefono"":""4236360"",""email"":null,""pagweb"":null,""dependencia"":""Particular"",""nivel_modalidad"":""Instituto Superior Tecnológico"",""region"":""DRE LIMA METROPOLITANA"",""dre_ugel"":""DRE LIMA METROPOLITANA"",""latitud"":-12.04592,""longitud"":-77.030496,""turno"":""Mañana-Tarde-Noche"",""estado_codigo"":""1"",""estado"":""Activo"",""fecha_actualizacion_fuente"":""13-08-2026"",""modalidad"":""SUPERIOR""}",true,2026
0478412,682347,MARIA ROSARIO ARAOZ PINTO,Pública de gestión directa,SAN MIGUEL,CALLE JOSE MARTI 155,"{""director"":""TELLO FLORES ELBA ROSA"",""telefono"":""4514004"",""email"":null,""pagweb"":null,""dependencia"":""Sector Educación"",""nivel_modalidad"":""Instituto Superior Tecnológico"",""region"":""DRE LIMA METROPOLITANA"",""dre_ugel"":""DRE LIMA METROPOLITANA"",""latitud"":-12.0725,""longitud"":-77.1028,""turno"":""Mañana-Noche"",""estado_codigo"":""1"",""estado"":""Activo"",""fecha_actualizacion_fuente"":""13-08-2026"",""modalidad"":""SUPERIOR""}",true,2026
0702571,856366,INSTITUTO TECNICO DE ADMINISTRACION DE EMPRESAS - ITAE,Privada,LOS OLIVOS,AVENIDA ALFREDO MENDIOLA 3581,"{""director"":""HUAYNALAYA ROJAS ODIN CIRO"",""telefono"":""5337991"",""email"":null,""pagweb"":""www.itae.edu.pe"",""dependencia"":""Particular"",""nivel_modalidad"":""Instituto Superior Tecnológico"",""region"":""DRE LIMA METROPOLITANA"",""dre_ugel"":""DRE LIMA METROPOLITANA"",""latitud"":-11.99318,""longitud"":-77.0642,""turno"":""Mañana-Noche"",""estado_codigo"":""1"",""estado"":""Activo"",""fecha_actualizacion_fuente"":""13-08-2026"",""modalidad"":""SUPERIOR""}",true,2026
1113695,310521,WERNHER VON BRAUN,Privada,LINCE,JIRON MANUEL CANDAMO 241,"{""director"":""ROJAS GALLO ROLANDO"",""telefono"":""4703965"",""email"":null,""pagweb"":""www.virgenius.edu.pe"",""dependencia"":""Particular"",""nivel_modalidad"":""Instituto Superior Tecnológico"",""region"":""DRE LIMA METROPOLITANA"",""dre_ugel"":""DRE LIMA METROPOLITANA"",""latitud"":-12.08225,""longitud"":-77.03399,""turno"":""Mañana-Noche"",""estado_codigo"":""1"",""estado"":""Activo"",""fecha_actualizacion_fuente"":""13-08-2026"",""modalidad"":""SUPERIOR""}",true,2026
1066737,681705,ALEXANDER FLEMING,Privada,PUENTE PIEDRA,CALLE SAN FRANCISCO 1 CDRA MZ B LOTE 19,"{""director"":""SANCHEZ HERNANDEZ JUSTO JUAN"",""telefono"":""2720724"",""email"":null,""pagweb"":null,""dependencia"":""Particular"",""nivel_modalidad"":""Instituto Superior Tecnológico"",""region"":""DRE LIMA METROPOLITANA"",""dre_ugel"":""DRE LIMA METROPOLITANA"",""latitud"":-11.86678,""longitud"":-77.077715,""turno"":""Mañana-Noche"",""estado_codigo"":""1"",""estado"":""Activo"",""fecha_actualizacion_fuente"":""13-08-2026"",""modalidad"":""SUPERIOR""}",true,2026
1065937,290537,COMPUTRONIC TECH,Privada,LIMA,AVENIDA URUGUAY 360,"{""director"":""SIN DIRECTOR SIN DIRECTOR"",""telefono"":""4235750"",""email"":""eatc@computronic.edu.pe"",""pagweb"":null,""dependencia"":""Particular"",""nivel_modalidad"":""Instituto Superior Tecnológico"",""region"":""DRE LIMA METROPOLITANA"",""dre_ugel"":""DRE LIMA METROPOLITANA"",""latitud"":-12.0541,""longitud"":-77.039,""turno"":""Mañana-Noche"",""estado_codigo"":""1"",""estado"":""Activo"",""fecha_actualizacion_fuente"":""13-08-2026"",""modalidad"":""SUPERIOR""}",true,2026
0702407,681809,SAN IGNACIO DE LOYOLA S.A. - ISIL,Privada,LA MOLINA,CALLE LA FONTANA 955,"{""director"":""GRAU GANDOLFO JAIME JOSE"",""telefono"":""7064711 - 3491538"",""email"":null,""pagweb"":""www.isil.edu.pe"",""dependencia"":""Particular"",""nivel_modalidad"":""Instituto Superior Tecnológico"",""region"":""DRE LIMA METROPOLITANA"",""dre_ugel"":""DRE LIMA METROPOLITANA"",""latitud"":-12.07339,""longitud"":-76.94865,""turno"":""Mañana-Noche"",""estado_codigo"":""1"",""estado"":""Activo"",""fecha_actualizacion_fuente"":""13-08-2026"",""modalidad"":""SUPERIOR""}",true,2026
1114206,863871,RICARDO PALMA,Privada,ATE,AVENIDA NICOLAS AYLLON 6376 MZ B LOTE 11,"{""director"":""OLGUIN PORTA MARIA EUGENIA"",""telefono"":""2241241"",""email"":null,""pagweb"":null,""dependencia"":""Particular"",""nivel_modalidad"":""Instituto Superior Tecnológico"",""region"":""DRE LIMA METROPOLITANA"",""dre_ugel"":""DRE LIMA METROPOLITANA"",""latitud"":-12.02409,""longitud"":-76.91373,""turno"":""Mañana-Noche"",""estado_codigo"":""1"",""estado"":""Activo"",""fecha_actualizacion_fuente"":""13-08-2026"",""modalidad"":""SUPERIOR""}",true,2026
1123918,322784,DE COMERCIO EXTERIOR,Privada,SAN BORJA,AVENIDA JAVIER PRADO ESTE 2875,"{""director"":""MARI LOARDO SALUTAR"",""telefono"":""6183333"",""email"":null,""pagweb"":""www.ceadex.edu.pe"",""dependencia"":""Particular"",""nivel_modalidad"":""Instituto Superior Tecnológico"",""region"":""DRE LIMA METROPOLITANA"",""dre_ugel"":""DRE LIMA METROPOLITANA"",""latitud"":-12.0867,""longitud"":-76.99781,""turno"":""Mañana-Noche"",""estado_codigo"":""1"",""estado"":""Activo"",""fecha_actualizacion_fuente"":""13-08-2026"",""modalidad"":""SUPERIOR""}",true,2026
1115567,682168,SERGIO BERNALES,Privada,JESUS MARIA,AVENIDA GENERAL GARZON 2301,"{""director"":""ALVA ESPINOZA MELISSA STELLA"",""telefono"":""4606863 - 985744202"",""email"":""diradm@isergiobernales.edu.pe"",""pagweb"":null,""dependencia"":""Particular"",""nivel_modalidad"":""Instituto Superior Tecnológico"",""region"":""DRE LIMA METROPOLITANA"",""dre_ugel"":""DRE LIMA METROPOLITANA"",""latitud"":-12.08267,""longitud"":-77.05816,""turno"":""Mañana-Noche"",""estado_codigo"":""1"",""estado"":""Activo"",""fecha_actualizacion_fuente"":""13-08-2026"",""modalidad"":""SUPERIOR""}",true,2026
1066018,290556,ARZOBISPO LOAYZA,Privada,LIMA,PASAJE NUEVA ROSITA 140,"{""director"":""LEON HORNA KATHERINE GLORIA MARIA"",""telefono"":""4312715"",""email"":null,""pagweb"":null,""dependencia"":""Particular"",""nivel_modalidad"":""Instituto Superior Tecnológico"",""region"":""DRE LIMA METROPOLITANA"",""dre_ugel"":""DRE LIMA METROPOLITANA"",""latitud"":-12.05276,""longitud"":-77.03914,""turno"":""Mañana-Noche"",""estado_codigo"":""1"",""estado"":""Activo"",""fecha_actualizacion_fuente"":""13-08-2026"",""modalidad"":""SUPERIOR""}",true,2026
0605147,290349,AMAUTA,Privada,LIMA,AVENIDA ARENALES 1245-1251,"{""director"":""SOTELO HUAMANI VICTOR HUGO"",""telefono"":""2655705"",""email"":null,""pagweb"":""www.istpamauta.edu.pe"",""dependencia"":""Particular"",""nivel_modalidad"":""Instituto Superior Tecnológico"",""region"":""DRE LIMA METROPOLITANA"",""dre_ugel"":""DRE LIMA METROPOLITANA"",""latitud"":-12.07644,""longitud"":-77.03681,""turno"":""Mañana-Noche"",""estado_codigo"":""1"",""estado"":""Activo"",""fecha_actualizacion_fuente"":""13-08-2026"",""modalidad"":""SUPERIOR""}",true,2026
1115849,681710,ORSON WELLES,Privada,SAN ISIDRO,AVENIDA SALAVERRY 3641,"{""director"":""ZAMBRANO GAL'LINO JORGE GUILLERMO JOSE"",""telefono"":""2641775"",""email"":null,""pagweb"":""www.orsonwelles.edu.pe"",""dependencia"":""Particular"",""nivel_modalidad"":""Instituto Superior Tecnológico"",""region"":""DRE LIMA METROPOLITANA"",""dre_ugel"":""DRE LIMA METROPOLITANA"",""latitud"":-12.10369,""longitud"":-77.05848,""turno"":""Mañana"",""estado_codigo"":""1"",""estado"":""Activo"",""fecha_actualizacion_fuente"":""13-08-2026"",""modalidad"":""SUPERIOR""}",true,2026
0607325,290622,FEDERICO VILLARREAL,Privada,LIMA,JIRON CALLAO 358,"{""director"":""ALVARADO FIGUEROA MARCO ANTONIO"",""telefono"":""4285274"",""email"":null,""pagweb"":null,""dependencia"":""Particular"",""nivel_modalidad"":""Instituto Superior Tecnológico"",""region"":""DRE LIMA METROPOLITANA"",""dre_ugel"":""DRE LIMA METROPOLITANA"",""latitud"":-12.04444,""longitud"":-77.034,""turno"":""Mañana-Noche"",""estado_codigo"":""1"",""estado"":""Activo"",""fecha_actualizacion_fuente"":""13-08-2026"",""modalidad"":""SUPERIOR""}",true,2026
1065333,346940,VILLA MARIA,Pública de gestión directa,VILLA MARIA DEL TRIUNFO,PROL VILLA MARIA,"{""director"":""VEGA MATOS CARLOS WILIAM"",""telefono"":""4505535"",""email"":null,""pagweb"":""www.villamaria.fx"",""dependencia"":""Sector Educación"",""nivel_modalidad"":""Instituto Superior Tecnológico"",""region"":""DRE LIMA METROPOLITANA"",""dre_ugel"":""DRE LIMA METROPOLITANA"",""latitud"":-12.16868,""longitud"":-76.95468,""turno"":""Mañana-Noche"",""estado_codigo"":""1"",""estado"":""Activo"",""fecha_actualizacion_fuente"":""13-08-2026"",""modalidad"":""SUPERIOR""}",true,2026
0450114,309004,JOSE PARDO,Pública de gestión directa,LA VICTORIA,AVENIDA GRAU 620,"{""director"":""ACUÑA SEMINO JUAN JOSE"",""telefono"":""4232101"",""email"":null,""pagweb"":null,""dependencia"":""Sector Educación"",""nivel_modalidad"":""Instituto Superior Tecnológico"",""region"":""DRE LIMA METROPOLITANA"",""dre_ugel"":""DRE LIMA METROPOLITANA"",""latitud"":-12.0592,""longitud"":-77.0261,""turno"":""Mañana-Noche"",""estado_codigo"":""1"",""estado"":""Activo"",""fecha_actualizacion_fuente"":""13-08-2026"",""modalidad"":""SUPERIOR""}",true,2026
0702761,290047,FREDERICK WINSLOW TAYLOR,Privada,LIMA,JIRON CHOTA 1281,"{""director"":""ROJAS HILARIO EXALTO CELSO"",""telefono"":""4239814"",""email"":null,""pagweb"":null,""dependencia"":""Particular"",""nivel_modalidad"":""Instituto Superior Tecnológico"",""region"":""DRE LIMA METROPOLITANA"",""dre_ugel"":""DRE LIMA METROPOLITANA"",""latitud"":-12.05119,""longitud"":-77.04087,""turno"":""Mañana-Noche"",""estado_codigo"":""1"",""estado"":""Activo"",""fecha_actualizacion_fuente"":""13-08-2026"",""modalidad"":""SUPERIOR""}",true,2026
0702704,839466,IDAT,Privada,LIMA,AVENIDA WILSON 1098,"{""director"":""RUBIO RODRIGUEZ MANUEL JAVIER"",""telefono"":""4336635"",""email"":null,""pagweb"":""www.idat.com.pe"",""dependencia"":""Particular"",""nivel_modalidad"":""Instituto Superior Tecnológico"",""region"":""DRE LIMA METROPOLITANA"",""dre_ugel"":""DRE LIMA METROPOLITANA"",""latitud"":-12.05324,""longitud"":-77.038629,""turno"":""Mañana-Tarde-Noche"",""estado_codigo"":""1"",""estado"":""Activo"",""fecha_actualizacion_fuente"":""13-08-2026"",""modalidad"":""SUPERIOR""}",true,2026
0702696,316523,CEPEA,Privada,PUEBLO LIBRE,AVENIDA BRASIL 1360,"{""director"":""CALDERON CASTRO WILDER FELIX"",""telefono"":""3324173 - 4313820"",""email"":null,""pagweb"":""www.cepea.edu.pe"",""dependencia"":""Particular"",""nivel_modalidad"":""Instituto Superior Tecnológico"",""region"":""DRE LIMA METROPOLITANA"",""dre_ugel"":""DRE LIMA METROPOLITANA"",""latitud"":-12.07261,""longitud"":-77.05198,""turno"":""Mañana-Noche"",""estado_codigo"":""1"",""estado"":""Activo"",""fecha_actualizacion_fuente"":""13-08-2026"",""modalidad"":""SUPERIOR""}",true,2026
1115922,865926,SISTEMAS PERU,Privada,LIMA,AVENIDA GARCILAZO 1584,"{""director"":""CORDERO JON TAY MARIA DEL PILAR"",""telefono"":""3093617 - 997237603"",""email"":""institutosistemasperu2@gmail.com"",""pagweb"":""www.sistemasperu.edu.pe"",""dependencia"":""Particular"",""nivel_modalidad"":""Instituto Superior Tecnológico"",""region"":""DRE LIMA METROPOLITANA"",""dre_ugel"":""DRE LIMA METROPOLITANA"",""latitud"":-12.06944,""longitud"":-77.03485,""turno"":""Mañana-Noche"",""estado_codigo"":""1"",""estado"":""Activo"",""fecha_actualizacion_fuente"":""13-08-2026"",""modalidad"":""SUPERIOR""}",true,2026
1114495,682272,SEMINARIO BIBLICO ANDINO,Privada,PUEBLO LIBRE,AVENIDA COLOMBIA 325,"{""director"":""MARIO PABLO HUACAUSI"",""telefono"":""4232623"",""email"":""sbandino@amauta.rcp.net.p"",""pagweb"":""www.seminarioandino.edu.pe"",""dependencia"":""Particular"",""nivel_modalidad"":""Instituto Superior Tecnológico"",""region"":""DRE LIMA METROPOLITANA"",""dre_ugel"":""DRE LIMA METROPOLITANA"",""latitud"":-12.06932,""longitud"":-77.05302,""turno"":""Noche"",""estado_codigo"":""1"",""estado"":""Activo"",""fecha_actualizacion_fuente"":""13-08-2026"",""modalidad"":""SUPERIOR""}",true,2026
1115880,865506,INSTITUTO PERUANO DE PUBLICIDAD,Privada,MAGDALENA DEL MAR,AVENIDA JUAN DE ALIAGA 421,"{""director"":""RODRIGUEZ RENGIFO GABRIEL ERNESTO"",""telefono"":""4216567"",""email"":null,""pagweb"":null,""dependencia"":""Particular"",""nivel_modalidad"":""Instituto Superior Tecnológico"",""region"":""DRE LIMA METROPOLITANA"",""dre_ugel"":""DRE LIMA METROPOLITANA"",""latitud"":-12.095725,""longitud"":-77.059567,""turno"":""Mañana-Noche"",""estado_codigo"":""1"",""estado"":""Activo"",""fecha_actualizacion_fuente"":""13-08-2026"",""modalidad"":""SUPERIOR""}",true,2026
1123116,856644,LIMA INSTITUTE OF TECHNICAL STUDIES S.A.C. - LITS S.A.C.,Privada,SANTIAGO DE SURCO,AVENIDA FLORESTA 103,"{""director"":""TORRES HUAMBACHANO MARCIANO VICTOR"",""telefono"":""4418303"",""email"":null,""pagweb"":""www.euroidiomas.edu.pe"",""dependencia"":""Particular"",""nivel_modalidad"":""Instituto Superior Tecnológico"",""region"":""DRE LIMA METROPOLITANA"",""dre_ugel"":""DRE LIMA METROPOLITANA"",""latitud"":-12.083347,""longitud"":-76.973041,""turno"":""Mañana-Noche"",""estado_codigo"":""1"",""estado"":""Activo"",""fecha_actualizacion_fuente"":""13-08-2026"",""modalidad"":""SUPERIOR""}",true,2026
1066778,866313,CAPECO,Privada,LOS OLIVOS,JIRON JUAN CAJAHUAMAN 863,"{""director"":""CAILLAUX MORON NESTOR ALFONSO"",""telefono"":""4313426"",""email"":null,""pagweb"":""www.capeco.edu.pe"",""dependencia"":""Particular"",""nivel_modalidad"":""Instituto Superior Tecnológico"",""region"":""DRE LIMA METROPOLITANA"",""dre_ugel"":""DRE LIMA METROPOLITANA"",""latitud"":-12.007218,""longitud"":-77.072044,""turno"":""Mañana-Noche"",""estado_codigo"":""1"",""estado"":""Activo"",""fecha_actualizacion_fuente"":""13-08-2026"",""modalidad"":""SUPERIOR""}",true,2026
1115575,317891,YACHAY WASI,Privada,MIRAFLORES,JIRON BOLOGNESI 300,"{""director"":""KUON ARCE ELSA ROSANNA"",""telefono"":""2529145"",""email"":null,""pagweb"":""www.yachaywasi.com"",""dependencia"":""Particular"",""nivel_modalidad"":""Instituto Superior Tecnológico"",""region"":""DRE LIMA METROPOLITANA"",""dre_ugel"":""DRE LIMA METROPOLITANA"",""latitud"":-12.14528,""longitud"":-77.02305,""turno"":""Mañana-Tarde"",""estado_codigo"":""1"",""estado"":""Activo"",""fecha_actualizacion_fuente"":""13-08-2026"",""modalidad"":""SUPERIOR""}",true,2026
1065051,868190,MISIONEROS MONFORTIANOS,Pública de gestión directa,CHACLACAYO,CALLE 9 S/N MZ I-1 LOTE 2,"{""director"":""SANCHEZ TORRES AUGUSTO SANTIAGO"",""telefono"":""3593426"",""email"":null,""pagweb"":""www.monfortianos.edu.pe"",""dependencia"":""Sector Educación"",""nivel_modalidad"":""Instituto Superior Tecnológico"",""region"":""DRE LIMA METROPOLITANA"",""dre_ugel"":""DRE LIMA METROPOLITANA"",""latitud"":-11.99409,""longitud"":-76.81863,""turno"":""Mañana-Tarde-Noche"",""estado_codigo"":""1"",""estado"":""Activo"",""fecha_actualizacion_fuente"":""13-08-2026"",""modalidad"":""SUPERIOR""}",true,2026
1065614,346935,SAN FRANCISCO DE ASIS,Pública de gestión directa,VILLA MARIA DEL TRIUNFO,AVENIDA PACHACUTEC 4859,"{""director"":""JAVIER VILLAFUERTE WILDOR PORFIRIO"",""telefono"":""2951276"",""email"":null,""pagweb"":null,""dependencia"":""Sector Educación"",""nivel_modalidad"":""Instituto Superior Tecnológico"",""region"":""DRE LIMA METROPOLITANA"",""dre_ugel"":""DRE LIMA METROPOLITANA"",""latitud"":-12.1908,""longitud"":-76.935,""turno"":""Mañana-Noche"",""estado_codigo"":""1"",""estado"":""Activo"",""fecha_actualizacion_fuente"":""13-08-2026"",""modalidad"":""SUPERIOR""}",true,2026
0623082,344106,JULIO CESAR TELLO,Pública de gestión directa,VILLA EL SALVADOR,MZ A LOTE 1 SECTOR III,"{""director"":""FLORES MANRIQUE ZENAIDA APOLONIA"",""telefono"":""2873676"",""email"":null,""pagweb"":""www.istpjct.edu.pe"",""dependencia"":""Sector Educación"",""nivel_modalidad"":""Instituto Superior Tecnológico"",""region"":""DRE LIMA METROPOLITANA"",""dre_ugel"":""DRE LIMA METROPOLITANA"",""latitud"":-12.21373,""longitud"":-76.93083,""turno"":""Mañana-Noche"",""estado_codigo"":""1"",""estado"":""Activo"",""fecha_actualizacion_fuente"":""13-08-2026"",""modalidad"":""SUPERIOR""}",true,2026
1114768,839659,PERUANO DE SISTEMAS SISE,Privada,LIMA,AVENIDA AREQUIPA 1290,"{""director"":""BAYETTO VASQUEZ MIRKO LUIS"",""telefono"":""4447279"",""email"":null,""pagweb"":""www.sise.edu.pe"",""dependencia"":""Particular"",""nivel_modalidad"":""Instituto Superior Tecnológico"",""region"":""DRE LIMA METROPOLITANA"",""dre_ugel"":""DRE LIMA METROPOLITANA"",""latitud"":-12.07687,""longitud"":-77.03542,""turno"":""Mañana-Noche"",""estado_codigo"":""1"",""estado"":""Activo"",""fecha_actualizacion_fuente"":""13-08-2026"",""modalidad"":""SUPERIOR""}",true,2026
1065499,308995,ARTURO SABROSO MONTOYA,Pública de gestión directa,LA VICTORIA,JIRON PROLG ANTONIO RAYMONDI 1020,"{""director"":""DIESTRA CUEVA ELIZABETH TERESA"",""telefono"":""4730549"",""email"":null,""pagweb"":null,""dependencia"":""Sector Educación"",""nivel_modalidad"":""Instituto Superior Tecnológico"",""region"":""DRE LIMA METROPOLITANA"",""dre_ugel"":""DRE LIMA METROPOLITANA"",""latitud"":-12.0597,""longitud"":-77.0196,""turno"":""Mañana-Noche"",""estado_codigo"":""1"",""estado"":""Activo"",""fecha_actualizacion_fuente"":""13-08-2026"",""modalidad"":""SUPERIOR""}",true,2026
1065010,346921,JUAN VELASCO ALVARADO,Pública de gestión directa,VILLA MARIA DEL TRIUNFO,AVENIDA JOSE OLAYA 120,"{""director"":""CASTILLA ALMEYDA ELSA MARY"",""telefono"":""2832611"",""email"":null,""pagweb"":null,""dependencia"":""Sector Educación"",""nivel_modalidad"":""Instituto Superior Tecnológico"",""region"":""DRE LIMA METROPOLITANA"",""dre_ugel"":""DRE LIMA METROPOLITANA"",""latitud"":-12.144348,""longitud"":-76.948425,""turno"":""Mañana-Noche"",""estado_codigo"":""1"",""estado"":""Activo"",""fecha_actualizacion_fuente"":""13-08-2026"",""modalidad"":""SUPERIOR""}",true,2026
1065259,314312,RAMIRO PRIALE PRIALE,Pública de gestión directa,LURIGANCHO,CALLE LAS RIOLITAS 133,"{""director"":""GONZALES CAICEDO CARLOS"",""telefono"":""3600770"",""email"":null,""pagweb"":null,""dependencia"":""Sector Educación"",""nivel_modalidad"":""Instituto Superior Tecnológico"",""region"":""DRE LIMA METROPOLITANA"",""dre_ugel"":""DRE LIMA METROPOLITANA"",""latitud"":-11.94007,""longitud"":-76.7033,""turno"":""Mañana-Noche"",""estado_codigo"":""1"",""estado"":""Activo"",""fecha_actualizacion_fuente"":""13-08-2026"",""modalidad"":""SUPERIOR""}",true,2026
1114339,310559,NORBERT WIENER,Privada,LINCE,AVENIDA AREQUIPA 1959,"{""director"":""HOLGUIN SIFUENTES MIGUEL WILFREDO"",""telefono"":""7065300"",""email"":""info@wiener.edu.pe"",""pagweb"":""www.wiener.edu.pe"",""dependencia"":""Particular"",""nivel_modalidad"":""Instituto Superior Tecnológico"",""region"":""DRE LIMA METROPOLITANA"",""dre_ugel"":""DRE LIMA METROPOLITANA"",""latitud"":-12.08408,""longitud"":-77.03457,""turno"":""Mañana-Tarde-Noche"",""estado_codigo"":""1"",""estado"":""Activo"",""fecha_actualizacion_fuente"":""13-08-2026"",""modalidad"":""SUPERIOR""}",true,2026
0466425,847428,DANIEL ALCIDES CARRION,Privada,LIMA,AVENIDA AREQUIPA 351-365,"{""director"":""VIGIL VEGA KHRISTIAN"",""telefono"":""4708882 - 4339119"",""email"":null,""pagweb"":""www.acarrion.edu.pe"",""dependencia"":""Particular"",""nivel_modalidad"":""Instituto Superior Tecnológico"",""region"":""DRE LIMA METROPOLITANA"",""dre_ugel"":""DRE LIMA METROPOLITANA"",""latitud"":-12.067643,""longitud"":-77.036874,""turno"":""Mañana-Tarde-Noche"",""estado_codigo"":""1"",""estado"":""Activo"",""fecha_actualizacion_fuente"":""13-08-2026"",""modalidad"":""SUPERIOR""}",true,2026
1123033,851528,ELMER FAUCETT,Privada,PUEBLO LIBRE,AVENIDA BOLIVAR 1923-1925,"{""director"":""GALVAN ZEVALLOS ALEJANDRO JULIO"",""telefono"":""4627107"",""email"":null,""pagweb"":null,""dependencia"":""Particular"",""nivel_modalidad"":""Instituto Superior Tecnológico"",""region"":""DRE LIMA METROPOLITANA"",""dre_ugel"":""DRE LIMA METROPOLITANA"",""latitud"":-12.071322,""longitud"":-77.074292,""turno"":""Mañana-Noche"",""estado_codigo"":""1"",""estado"":""Activo"",""fecha_actualizacion_fuente"":""13-08-2026"",""modalidad"":""SUPERIOR""}",true,2026
1114974,830611,COMPUTRON,Privada,LOS OLIVOS,PASAJE 31 - FRANCISCO AYARZA 168-180,"{""director"":""BACON TERRONES RICHAR ELI"",""telefono"":""4218077"",""email"":""informes@computron.edu.pe"",""pagweb"":""www.computron.edu.pe"",""dependencia"":""Particular"",""nivel_modalidad"":""Instituto Superior Tecnológico"",""region"":""DRE LIMA METROPOLITANA"",""dre_ugel"":""DRE LIMA METROPOLITANA"",""latitud"":-11.99136,""longitud"":-77.06488,""turno"":""Mañana-Tarde-Noche"",""estado_codigo"":""1"",""estado"":""Activo"",""fecha_actualizacion_fuente"":""13-08-2026"",""modalidad"":""SUPERIOR""}",true,2026
1114214,841817,DE CIENCIAS MULTICULTURALES - ICIM,Privada,LIMA,JIRON JUAN MANUEL DEL MAR Y BERMEO 1293 - 1295,"{""director"":""PUELL PALACIOS JUAN"",""telefono"":""4720421 - 3308098"",""email"":null,""pagweb"":null,""dependencia"":""Particular"",""nivel_modalidad"":""Instituto Superior Tecnológico"",""region"":""DRE LIMA METROPOLITANA"",""dre_ugel"":""DRE LIMA METROPOLITANA"",""latitud"":-12.06129,""longitud"":-77.05969,""turno"":""Mañana-Noche"",""estado_codigo"":""1"",""estado"":""Activo"",""fecha_actualizacion_fuente"":""13-08-2026"",""modalidad"":""SUPERIOR""}",true,2026
1113778,323482,COLUMBIA,Privada,SAN ISIDRO,AVENIDA JAVIER PRADO ESTE 515,"{""director"":""RODRIGUEZ CHAVEZ GLORIA LIZETH"",""telefono"":""4212592"",""email"":null,""pagweb"":null,""dependencia"":""Particular"",""nivel_modalidad"":""Instituto Superior Tecnológico"",""region"":""DRE LIMA METROPOLITANA"",""dre_ugel"":""DRE LIMA METROPOLITANA"",""latitud"":-12.091319,""longitud"":-77.028019,""turno"":""Mañana-Tarde-Noche"",""estado_codigo"":""1"",""estado"":""Activo"",""fecha_actualizacion_fuente"":""13-08-2026"",""modalidad"":""SUPERIOR""}",true,2026
1115419,295479,CHARLES CHAPLIN,Privada,SAN ISIDRO,AVENIDA LAS FLORES 247 - 249,"{""director"":""VASQUEZ ROJAS ESTEFANY LIZBETH"",""telefono"":""4403341"",""email"":null,""pagweb"":""www.charleschaplin.edu.pe"",""dependencia"":""Particular"",""nivel_modalidad"":""Instituto Superior Tecnológico"",""region"":""DRE LIMA METROPOLITANA"",""dre_ugel"":""DRE LIMA METROPOLITANA"",""latitud"":-12.09312,""longitud"":-77.04727,""turno"":""Mañana-Noche"",""estado_codigo"":""1"",""estado"":""Activo"",""fecha_actualizacion_fuente"":""13-08-2026"",""modalidad"":""SUPERIOR""}",true,2026
1114123,681423,ESEFUL,Privada,BREÑA,JIRON RECUAY 976,"{""director"":""PEDRO BARDALEZ LINDLEY"",""telefono"":""4242429"",""email"":""eseful@ddm.com.pe"",""pagweb"":""www.eseful.net"",""dependencia"":""Particular"",""nivel_modalidad"":""Instituto Superior Tecnológico"",""region"":""DRE LIMA METROPOLITANA"",""dre_ugel"":""DRE LIMA METROPOLITANA"",""latitud"":-12.05599,""longitud"":-77.05356,""turno"":""Noche"",""estado_codigo"":""1"",""estado"":""Activo"",""fecha_actualizacion_fuente"":""13-08-2026"",""modalidad"":""SUPERIOR""}",true,2026
0607341,290523,SAN MARCOS,Privada,MAGDALENA DEL MAR,JIRON TACNA 360,"{""director"":""VALDIVIA ALTAMIRANO FERNANDO EULOGIO"",""telefono"":""3885953"",""email"":""direccion@institutosanmarcos.edu.pe"",""pagweb"":null,""dependencia"":""Particular"",""nivel_modalidad"":""Instituto Superior Tecnológico"",""region"":""DRE LIMA METROPOLITANA"",""dre_ugel"":""DRE LIMA METROPOLITANA"",""latitud"":-12.09542,""longitud"":-77.0729,""turno"":""Mañana"",""estado_codigo"":""1"",""estado"":""Activo"",""fecha_actualizacion_fuente"":""13-08-2026"",""modalidad"":""SUPERIOR""}",true,2026
1115658,682130,MEGATRONIC,Privada,LIMA,AVENIDA URUGUAY 351-355,"{""director"":""DILMAR CESPEDES SALAS"",""telefono"":""4317681 - 4672449"",""email"":""educa_peru_educa@hotmail.com"",""pagweb"":""www.megatronic.edu.pe"",""dependencia"":""Particular"",""nivel_modalidad"":""Instituto Superior Tecnológico"",""region"":""DRE LIMA METROPOLITANA"",""dre_ugel"":""DRE LIMA METROPOLITANA"",""latitud"":-12.05435,""longitud"":-77.03918,""turno"":""Mañana-Tarde"",""estado_codigo"":""1"",""estado"":""Activo"",""fecha_actualizacion_fuente"":""13-08-2026"",""modalidad"":""SUPERIOR""}",true,2026
1124684,865304,ANDRE VESALIO,Privada,PUENTE PIEDRA,AVENIDA BUENOS AIRES 2213,"{""director"":""CORDERO CASTILLO KAREN CECILIA"",""telefono"":""7916366"",""email"":null,""pagweb"":null,""dependencia"":""Particular"",""nivel_modalidad"":""Instituto Superior Tecnológico"",""region"":""DRE LIMA METROPOLITANA"",""dre_ugel"":""DRE LIMA METROPOLITANA"",""latitud"":-11.85517,""longitud"":-77.06926,""turno"":""Noche"",""estado_codigo"":""1"",""estado"":""Activo"",""fecha_actualizacion_fuente"":""13-08-2026"",""modalidad"":""SUPERIOR""}",true,2026
1124361,681729,PERU PACIFICO,Privada,PUEBLO LIBRE,AVENIDA BRASIL 1306,"{""director"":""MARLILUZ RODRIGUEZ MARITZA MIRTHA"",""telefono"":""4239998"",""email"":""iespp@hotmail.com"",""pagweb"":""www.perupacifico.edu.pe"",""dependencia"":""Particular"",""nivel_modalidad"":""Instituto Superior Tecnológico"",""region"":""DRE LIMA METROPOLITANA"",""dre_ugel"":""DRE LIMA METROPOLITANA"",""latitud"":-12.07221,""longitud"":-77.05167,""turno"":""Mañana-Noche"",""estado_codigo"":""1"",""estado"":""Activo"",""fecha_actualizacion_fuente"":""13-08-2026"",""modalidad"":""SUPERIOR""}",true,2026
1124767,317933,EDUTEC,Privada,LIMA,JIRON ENRIQUE VILLAR 160,"{""director"":""BALDEÓN APARI JOSÉ LUIS"",""telefono"":""2224644"",""email"":null,""pagweb"":null,""dependencia"":""Particular"",""nivel_modalidad"":""Instituto Superior Tecnológico"",""region"":""DRE LIMA METROPOLITANA"",""dre_ugel"":""DRE LIMA METROPOLITANA"",""latitud"":-12.07685,""longitud"":-77.03625,""turno"":""Mañana-Noche"",""estado_codigo"":""1"",""estado"":""Activo"",""fecha_actualizacion_fuente"":""13-08-2026"",""modalidad"":""SUPERIOR""}",true,2026
1124403,345993,SELENE,Privada,LINCE,AVENIDA PETIT THOUARS 1500,"{""director"":""RIVAS ROMERO LUIS MANUEL"",""telefono"":""4714115"",""email"":null,""pagweb"":null,""dependencia"":""Particular"",""nivel_modalidad"":""Instituto Superior Tecnológico"",""region"":""DRE LIMA METROPOLITANA"",""dre_ugel"":""DRE LIMA METROPOLITANA"",""latitud"":-12.08131,""longitud"":-77.03384,""turno"":""Mañana-Noche"",""estado_codigo"":""1"",""estado"":""Activo"",""fecha_actualizacion_fuente"":""13-08-2026"",""modalidad"":""SUPERIOR""}",true,2026
1123926,345988,MARIA ELENA MOYANO,Privada,VILLA EL SALVADOR,AVENIDA CESAR VALLEJO SECTOR 2 GRUPO 15,"{""director"":""MARALLANO RAMOS ALFREDO"",""telefono"":""2877695"",""email"":null,""pagweb"":null,""dependencia"":""Particular"",""nivel_modalidad"":""Instituto Superior Tecnológico"",""region"":""DRE LIMA METROPOLITANA"",""dre_ugel"":""DRE LIMA METROPOLITANA"",""latitud"":-12.213563,""longitud"":-76.937873,""turno"":""Mañana-Noche"",""estado_codigo"":""1"",""estado"":""Activo"",""fecha_actualizacion_fuente"":""13-08-2026"",""modalidad"":""SUPERIOR""}",true,2026
1123405,841054,CERTUS,Privada,SANTIAGO DE SURCO,AVENIDA SANTIAGO DE SURCO 4713-4717-4719 LOTE 31 ETAPA II,"{""director"":""TUESTA GUTIERREZ DE PREPOLEC ANA ELISA"",""telefono"":""2020901"",""email"":""consultas@certus.edu.pe"",""pagweb"":""www.certus.edu.pe"",""dependencia"":""Particular"",""nivel_modalidad"":""Instituto Superior Tecnológico"",""region"":""DRE LIMA METROPOLITANA"",""dre_ugel"":""DRE LIMA METROPOLITANA"",""latitud"":-12.02007,""longitud"":-77.00143,""turno"":""Mañana-Noche"",""estado_codigo"":""1"",""estado"":""Activo"",""fecha_actualizacion_fuente"":""13-08-2026"",""modalidad"":""SUPERIOR""}",true,2026
1123447,848201,CENTRO DE ALTOS ESTUDIOS DE LA MODA - CEAM,Privada,MIRAFLORES,AVENIDA ALFREDO BENAVIDES 750,"{""director"":""PEREZ PEREZ ANDRES"",""telefono"":""4221461"",""email"":null,""pagweb"":""www.ceam.edu.pe"",""dependencia"":""Particular"",""nivel_modalidad"":""Instituto Superior Tecnológico"",""region"":""DRE LIMA METROPOLITANA"",""dre_ugel"":""DRE LIMA METROPOLITANA"",""latitud"":-12.1252,""longitud"":-77.02531,""turno"":""Mañana"",""estado_codigo"":""1"",""estado"":""Activo"",""fecha_actualizacion_fuente"":""13-08-2026"",""modalidad"":""SUPERIOR""}",true,2026
1124486,323608,DE DISEÑO PUBLICITARIO LEO DESIGN,Privada,LINCE,AVENIDA AREQUIPA 2698,"{""director"":""ENRIQUE POLO LAGUA"",""telefono"":""4402288"",""email"":""leodesign@terra.com"",""pagweb"":null,""dependencia"":""Particular"",""nivel_modalidad"":""Instituto Superior Tecnológico"",""region"":""DRE LIMA METROPOLITANA"",""dre_ugel"":""DRE LIMA METROPOLITANA"",""latitud"":-12.08949,""longitud"":-77.03379,""turno"":""Mañana-Tarde-Noche"",""estado_codigo"":""1"",""estado"":""Activo"",""fecha_actualizacion_fuente"":""13-08-2026"",""modalidad"":""SUPERIOR""}",true,2026
1114560,644529,EL BUEN PASTOR,Privada,LOS OLIVOS,AVENIDA EL TREBOL 7194,"{""director"":""CORPUS VERGARA NESTOR BERNARDO"",""telefono"":""5337569"",""email"":null,""pagweb"":""www.bpastor.edu.pe"",""dependencia"":""Particular"",""nivel_modalidad"":""Instituto Superior Tecnológico"",""region"":""DRE LIMA METROPOLITANA"",""dre_ugel"":""DRE LIMA METROPOLITANA"",""latitud"":-12.00282,""longitud"":-77.06629,""turno"":""Mañana-Noche"",""estado_codigo"":""1"",""estado"":""Activo"",""fecha_actualizacion_fuente"":""13-08-2026"",""modalidad"":""SUPERIOR""}",true,2026
1114412,306722,ESCUELA NACIONAL DE ARCHIVISTICA,Pública de gestión directa,PUEBLO LIBRE,JIRON RODRIGUEZ DE MENDOZA 153,"{""director"":""CALDAS ACEVEDO ALINA PILAR"",""telefono"":""4267221"",""email"":null,""pagweb"":""www.ena.edu.pe"",""dependencia"":""Otro sector público (FF.AA.)"",""nivel_modalidad"":""Instituto Superior Tecnológico"",""region"":""DRE LIMA METROPOLITANA"",""dre_ugel"":""DRE LIMA METROPOLITANA"",""latitud"":-12.07358,""longitud"":-77.05971,""turno"":""Mañana-Noche"",""estado_codigo"":""1"",""estado"":""Activo"",""fecha_actualizacion_fuente"":""13-08-2026"",""modalidad"":""SUPERIOR""}",true,2026
1115336,308354,SEMINARIO EVANGELICO DE LIMA,Privada,LA MOLINA,AVENIDA LA MOLINA 585,"{""director"":""MORALES CAMPOS CESAR ADRIANO"",""telefono"":""3481202"",""email"":""selima@millicom.com.pe"",""pagweb"":""www.sel.edu"",""dependencia"":""Particular"",""nivel_modalidad"":""Instituto Superior Tecnológico"",""region"":""DRE LIMA METROPOLITANA"",""dre_ugel"":""DRE LIMA METROPOLITANA"",""latitud"":-12.06384,""longitud"":-76.96013,""turno"":""Mañana"",""estado_codigo"":""1"",""estado"":""Activo"",""fecha_actualizacion_fuente"":""13-08-2026"",""modalidad"":""SUPERIOR""}",true,2026
0605717,288704,GENERAL OSCAR ARTETA TERZI,Pública de gestión directa,JESUS MARIA,AVENIDA REPUBLICA DE CHILE 614,"{""director"":""VISITACION DOMINGUEZ JUAN"",""telefono"":""3306271"",""email"":null,""pagweb"":""www.oat.pe.nu"",""dependencia"":""Otro sector público (FF.AA.)"",""nivel_modalidad"":""Instituto Superior Tecnológico"",""region"":""DRE LIMA METROPOLITANA"",""dre_ugel"":""DRE LIMA METROPOLITANA"",""latitud"":-12.0708,""longitud"":-77.0388,""turno"":""Mañana-Noche"",""estado_codigo"":""1"",""estado"":""Activo"",""fecha_actualizacion_fuente"":""13-08-2026"",""modalidad"":""SUPERIOR""}",true,2026
0702423,310564,METROPOLITANO,Privada,LIMA,AVENIDA AREQUIPA 694,"{""director"":""NEYRA DE REESON MARGOT JUANA"",""telefono"":""4247928 - 4245399"",""email"":""istmetropolitano@hoymail.com"",""pagweb"":null,""dependencia"":""Particular"",""nivel_modalidad"":""Instituto Superior Tecnológico"",""region"":""DRE LIMA METROPOLITANA"",""dre_ugel"":""DRE LIMA METROPOLITANA"",""latitud"":-12.07127,""longitud"":-77.03664,""turno"":""Mañana-Tarde-Noche"",""estado_codigo"":""1"",""estado"":""Activo"",""fecha_actualizacion_fuente"":""13-08-2026"",""modalidad"":""SUPERIOR""}",true,2026
0702365,847999,ZEGEL,Privada,SAN JUAN DE LURIGANCHO,CALLE 17 S/N MZ K LOTE 2,"{""director"":""RUBIO RODRIGUEZ MANUEL JAVIER"",""telefono"":null,""email"":null,""pagweb"":""www.ipae.edu.pe"",""dependencia"":""Particular"",""nivel_modalidad"":""Instituto Superior Tecnológico"",""region"":""DRE LIMA METROPOLITANA"",""dre_ugel"":""DRE LIMA METROPOLITANA"",""latitud"":-12.01782,""longitud"":-77.00317,""turno"":""Mañana-Noche"",""estado_codigo"":""1"",""estado"":""Activo"",""fecha_actualizacion_fuente"":""13-08-2026"",""modalidad"":""SUPERIOR""}",true,2026
1115609,682149,CESCA,Privada,BREÑA,AVENIDA ALFONSO UGARTE 1280,"{""director"":""NEIRA CARRION LUISA AMANDA"",""telefono"":""3309444 - 3307073"",""email"":null,""pagweb"":""www.cesca.edu.pe"",""dependencia"":""Particular"",""nivel_modalidad"":""Instituto Superior Tecnológico"",""region"":""DRE LIMA METROPOLITANA"",""dre_ugel"":""DRE LIMA METROPOLITANA"",""latitud"":-12.05574,""longitud"":-77.04219,""turno"":""Mañana-Noche"",""estado_codigo"":""1"",""estado"":""Activo"",""fecha_actualizacion_fuente"":""13-08-2026"",""modalidad"":""SUPERIOR""}",true,2026
1067099,863814,LATINO,Privada,SAN JUAN DE MIRAFLORES,JIRON BERNARDINO ROMERO 740-746 MZ E2 LOTE 32-33 ZONA D,"{""director"":""SILVA DEL AGUILA ALBERTO"",""telefono"":""4338727"",""email"":null,""pagweb"":null,""dependencia"":""Particular"",""nivel_modalidad"":""Instituto Superior Tecnológico"",""region"":""DRE LIMA METROPOLITANA"",""dre_ugel"":""DRE LIMA METROPOLITANA"",""latitud"":-12.162055,""longitud"":-76.960234,""turno"":""Mañana-Noche"",""estado_codigo"":""1"",""estado"":""Activo"",""fecha_actualizacion_fuente"":""13-08-2026"",""modalidad"":""SUPERIOR""}",true,2026
1115286,681550,DE TECNICAS AGROPECUARIAS-INTAP,Privada,LURIN,CALLE LOS EUCALIPTOS 341 MZ L LOTE 13,"{""director"":""FRANCA GIOVANNA PERACCHIO WALT"",""telefono"":""4300077 - 4300133"",""email"":null,""pagweb"":null,""dependencia"":""Particular"",""nivel_modalidad"":""Instituto Superior Tecnológico"",""region"":""DRE LIMA METROPOLITANA"",""dre_ugel"":""DRE LIMA METROPOLITANA"",""latitud"":-12.24918,""longitud"":-76.88647,""turno"":""Mañana-Tarde"",""estado_codigo"":""1"",""estado"":""Activo"",""fecha_actualizacion_fuente"":""13-08-2026"",""modalidad"":""SUPERIOR""}",true,2026
1123686,786321,ELA,Privada,LINCE,AVENIDA AREQUIPA 2053,"{""director"":""TEJADA ARANA ARISTIDES ALFONSO"",""telefono"":""4471467"",""email"":""ela@ela.edu.pe"",""pagweb"":""www.ela.edu.pe"",""dependencia"":""Particular"",""nivel_modalidad"":""Instituto Superior Tecnológico"",""region"":""DRE LIMA METROPOLITANA"",""dre_ugel"":""DRE LIMA METROPOLITANA"",""latitud"":-12.08497,""longitud"":-77.03415,""turno"":""Noche"",""estado_codigo"":""1"",""estado"":""Activo"",""fecha_actualizacion_fuente"":""13-08-2026"",""modalidad"":""SUPERIOR""}",true,2026
1124569,331967,LATINO-SAN JUAN,Privada,SAN JUAN DE MIRAFLORES,JIRON JOSE SANTOS CHOCANO 105,"{""director"":""GLADYS IVONNE MORAN PAREDES"",""telefono"":""2767109 - 2760434"",""email"":""instlatino@latinmail.com"",""pagweb"":null,""dependencia"":""Particular"",""nivel_modalidad"":""Instituto Superior Tecnológico"",""region"":""DRE LIMA METROPOLITANA"",""dre_ugel"":""DRE LIMA METROPOLITANA"",""latitud"":-12.15967,""longitud"":-76.98142,""turno"":""Mañana-Noche"",""estado_codigo"":""1"",""estado"":""Activo"",""fecha_actualizacion_fuente"":""13-08-2026"",""modalidad"":""SUPERIOR""}",true,2026
1124841,779434,EDWIN C. BARNES,Privada,CARABAYLLO,MZ E LOTE 01,"{""director"":""LANDEO ITURRIZAGA JUAN DE DIOS ISMAEL"",""telefono"":null,""email"":null,""pagweb"":null,""dependencia"":""Particular"",""nivel_modalidad"":""Instituto Superior Tecnológico"",""region"":""DRE LIMA METROPOLITANA"",""dre_ugel"":""DRE LIMA METROPOLITANA"",""latitud"":-11.86542,""longitud"":-77.01219,""turno"":""Mañana-Tarde-Noche"",""estado_codigo"":""1"",""estado"":""Activo"",""fecha_actualizacion_fuente"":""13-08-2026"",""modalidad"":""SUPERIOR""}",true,2026
1124163,848244,IDATUR,Privada,SAN MIGUEL,AVENIDA LA MARINA 1369 - 1375,"{""director"":""EZETA ESPINOZA MERCEDES ISOLINA"",""telefono"":""4238210 - 3330484"",""email"":null,""pagweb"":null,""dependencia"":""Particular"",""nivel_modalidad"":""Instituto Superior Tecnológico"",""region"":""DRE LIMA METROPOLITANA"",""dre_ugel"":""DRE LIMA METROPOLITANA"",""latitud"":-12.0799,""longitud"":-77.0766,""turno"":""Mañana-Tarde-Noche"",""estado_codigo"":""1"",""estado"":""Activo"",""fecha_actualizacion_fuente"":""13-08-2026"",""modalidad"":""SUPERIOR""}",true,2026
1124643,627662,ECOTUR,Privada,LOS OLIVOS,CALLE FAUSTO MALDONADO 279,"{""director"":""FLORES PALACIOS CARLOS ALBERTO"",""telefono"":null,""email"":null,""pagweb"":null,""dependencia"":""Particular"",""nivel_modalidad"":""Instituto Superior Tecnológico"",""region"":""DRE LIMA METROPOLITANA"",""dre_ugel"":""DRE LIMA METROPOLITANA"",""latitud"":-11.99347,""longitud"":-77.06519,""turno"":""Mañana-Noche"",""estado_codigo"":""1"",""estado"":""Activo"",""fecha_actualizacion_fuente"":""13-08-2026"",""modalidad"":""SUPERIOR""}",true,2026
1232214,505104,MADRE JOSEFINA VANNINI,Privada,SANTIAGO DE SURCO,AVENIDA EL POLO 641,"{""director"":""GASTULO MORANTE FELIPA"",""telefono"":""4342770"",""email"":null,""pagweb"":null,""dependencia"":""Particular"",""nivel_modalidad"":""Instituto Superior Tecnológico"",""region"":""DRE LIMA METROPOLITANA"",""dre_ugel"":""DRE LIMA METROPOLITANA"",""latitud"":-12.10197,""longitud"":-76.97205,""turno"":""Tarde"",""estado_codigo"":""1"",""estado"":""Activo"",""fecha_actualizacion_fuente"":""13-08-2026"",""modalidad"":""SUPERIOR""}",true,2026
1232735,505118,COMPLEJO HOSPITALARIO SAN PABLO,Privada,INDEPENDENCIA,AVENIDA CARLOS IZAGUIRRE 159,"{""director"":""ALVAREZ ARMAS RAUL ALFREDO"",""telefono"":""5221708"",""email"":null,""pagweb"":null,""dependencia"":""Particular"",""nivel_modalidad"":""Instituto Superior Tecnológico"",""region"":""DRE LIMA METROPOLITANA"",""dre_ugel"":""DRE LIMA METROPOLITANA"",""latitud"":-11.98947,""longitud"":-77.05912,""turno"":""Mañana-Noche"",""estado_codigo"":""1"",""estado"":""Activo"",""fecha_actualizacion_fuente"":""13-08-2026"",""modalidad"":""SUPERIOR""}",true,2026
1231893,290354,JACQUELINE,Privada,LIMA,AVENIDA TACNA 329,"{""director"":""HUAMAN MUÑOZ OSCAR ALBERTO"",""telefono"":""4276146"",""email"":""info@institutojacqueline.com"",""pagweb"":""www.institutojacqueline.com"",""dependencia"":""Particular"",""nivel_modalidad"":""Instituto Superior Tecnológico"",""region"":""DRE LIMA METROPOLITANA"",""dre_ugel"":""DRE LIMA METROPOLITANA"",""latitud"":-12.04495,""longitud"":-77.03629,""turno"":""Mañana-Noche"",""estado_codigo"":""1"",""estado"":""Activo"",""fecha_actualizacion_fuente"":""13-08-2026"",""modalidad"":""SUPERIOR""}",true,2026
1233170,845354,ROBERT OWEN,Privada,JESUS MARIA,AVENIDA 6 DE AGOSTO 409-415,"{""director"":""GUARDIAN CHAVEZ RICARDO ARTURO"",""telefono"":""4312441 - 4312442"",""email"":""istprobert_owen20@hotmail.com"",""pagweb"":null,""dependencia"":""Particular"",""nivel_modalidad"":""Instituto Superior Tecnológico"",""region"":""DRE LIMA METROPOLITANA"",""dre_ugel"":""DRE LIMA METROPOLITANA"",""latitud"":-12.07674,""longitud"":-77.05077,""turno"":""Noche"",""estado_codigo"":""1"",""estado"":""Activo"",""fecha_actualizacion_fuente"":""13-08-2026"",""modalidad"":""SUPERIOR""}",true,2026
1233253,681461,LE CORDON BLEU PERU,Privada,MIRAFLORES,AVENIDA VASCO NUÑEZ DE BALBOA 530,"{""director"":""GARCIA ROSELL ROSA MARIA MARISCA"",""telefono"":""2428222"",""email"":null,""pagweb"":""www.cordonbleuperu.edu.pe"",""dependencia"":""Particular"",""nivel_modalidad"":""Instituto Superior Tecnológico"",""region"":""DRE LIMA METROPOLITANA"",""dre_ugel"":""DRE LIMA METROPOLITANA"",""latitud"":-12.13127,""longitud"":-77.0255,""turno"":""Mañana-Noche"",""estado_codigo"":""1"",""estado"":""Activo"",""fecha_actualizacion_fuente"":""13-08-2026"",""modalidad"":""SUPERIOR""}",true,2026
1065176,682328,LUIS NEGREIROS VEGA,Pública de gestión directa,SAN MARTIN DE PORRES,AVENIDA JOSE GRANDA CUADRA 24,"{""director"":""SULCA RIVERA DUNCAN ARTURO"",""telefono"":""5677776 - 5672929"",""email"":null,""pagweb"":""www.negreiros.edu.pe"",""dependencia"":""Sector Educación"",""nivel_modalidad"":""Instituto Superior Tecnológico"",""region"":""DRE LIMA METROPOLITANA"",""dre_ugel"":""DRE LIMA METROPOLITANA"",""latitud"":-12.02834,""longitud"":-77.07077,""turno"":""Mañana-Noche"",""estado_codigo"":""1"",""estado"":""Activo"",""fecha_actualizacion_fuente"":""13-08-2026"",""modalidad"":""SUPERIOR""}",true,2026
1123561,681418,DE OPTOMETRIA Y CIENCIAS EUROHISPANO,Privada,MAGDALENA DEL MAR,AVENIDA BRASIL 3251 - 3255,"{""director"":""MORMONTOY LAUREL WILFREDO"",""telefono"":""2617177"",""email"":null,""pagweb"":""www.optometriaperu.org"",""dependencia"":""Particular"",""nivel_modalidad"":""Instituto Superior Tecnológico"",""region"":""DRE LIMA METROPOLITANA"",""dre_ugel"":""DRE LIMA METROPOLITANA"",""latitud"":-12.08931,""longitud"":-77.06516,""turno"":""Mañana-Noche"",""estado_codigo"":""1"",""estado"":""Activo"",""fecha_actualizacion_fuente"":""13-08-2026"",""modalidad"":""SUPERIOR""}",true,2026
1114685,621702,LA CATOLICA LIMA NORTE,Privada,LOS OLIVOS,AVENIDA ALFREDO MENDIOLA 3315,"{""director"":""CONDORI HANCCO JAIME"",""telefono"":null,""email"":""istbartolomeherrera@hotmail.com"",""pagweb"":null,""dependencia"":""Particular"",""nivel_modalidad"":""Instituto Superior Tecnológico"",""region"":""DRE LIMA METROPOLITANA"",""dre_ugel"":""DRE LIMA METROPOLITANA"",""latitud"":-11.9966,""longitud"":-77.06362,""turno"":""Noche"",""estado_codigo"":""1"",""estado"":""Activo"",""fecha_actualizacion_fuente"":""13-08-2026"",""modalidad"":""SUPERIOR""}",true,2026
1124601,295511,CENTRO DE FORMACION EN TURISMO - CENFOTUR,Pública de gestión directa,BARRANCO,PEDRO MARTINTO 320,"{""director"":""BURNS VIDAURRAZAGA MADELEINE ROSA MARIA"",""telefono"":""4770220 - 4775015"",""email"":null,""pagweb"":""www.cenfotur.edu.pe"",""dependencia"":""Otro sector público (FF.AA.)"",""nivel_modalidad"":""Instituto Superior Tecnológico"",""region"":""DRE LIMA METROPOLITANA"",""dre_ugel"":""DRE LIMA METROPOLITANA"",""latitud"":-12.1404,""longitud"":-77.0248,""turno"":""Mañana-Tarde-Noche"",""estado_codigo"":""1"",""estado"":""Activo"",""fecha_actualizacion_fuente"":""13-08-2026"",""modalidad"":""SUPERIOR""}",true,2026
1248756,318046,INSTITUTO DE DESARROLLO EMPRESARIAL Y ADMINISTRATIVO-IDEA,Privada,MIRAFLORES,AVENIDA AREQUIPA 5163,"{""director"":""JAIME CARRANZA RAMIREZ"",""telefono"":""4448551"",""email"":""informes@idea.edu.pe"",""pagweb"":""www.idea.edu.pe"",""dependencia"":""Particular"",""nivel_modalidad"":""Instituto Superior Tecnológico"",""region"":""DRE LIMA METROPOLITANA"",""dre_ugel"":""DRE LIMA METROPOLITANA"",""latitud"":-12.11889,""longitud"":-77.02867,""turno"":""Mañana-Noche"",""estado_codigo"":""1"",""estado"":""Activo"",""fecha_actualizacion_fuente"":""13-08-2026"",""modalidad"":""SUPERIOR""}",true,2026
1249077,857988,MAGDA PORTAL - CIENEGUILLA,Pública de gestión directa,CIENEGUILLA,MZ M1 LOTE 01,"{""director"":""LIMACHI HUAMANI VICTOR"",""telefono"":""4799199"",""email"":null,""pagweb"":null,""dependencia"":""Sector Educación"",""nivel_modalidad"":""Instituto Superior Tecnológico"",""region"":""DRE LIMA METROPOLITANA"",""dre_ugel"":""DRE LIMA METROPOLITANA"",""latitud"":-12.107556,""longitud"":-76.828391,""turno"":""Mañana"",""estado_codigo"":""1"",""estado"":""Activo"",""fecha_actualizacion_fuente"":""13-08-2026"",""modalidad"":""SUPERIOR""}",true,2026
1249234,289421,DE INVESTIGACION SOCIOECONOMICO LATINOAMERICANO - INTUR PERU,Privada,LIMA,AVENIDA AREQUIPA 294,"{""director"":""MIRANDA CHAVEZ ROSALINA"",""telefono"":""3327228"",""email"":null,""pagweb"":null,""dependencia"":""Particular"",""nivel_modalidad"":""Instituto Superior Tecnológico"",""region"":""DRE LIMA METROPOLITANA"",""dre_ugel"":""DRE LIMA METROPOLITANA"",""latitud"":-12.0666,""longitud"":-77.03741,""turno"":""Noche"",""estado_codigo"":""1"",""estado"":""Activo"",""fecha_actualizacion_fuente"":""13-08-2026"",""modalidad"":""SUPERIOR""}",true,2026
1250257,300683,LIBERTADOR,Privada,CHORRILLOS,CALLE MARTIR OLAYA 327,"{""director"":""LUNA LEGUIA JOSE MANUEL"",""telefono"":""2513359 - 4670643"",""email"":null,""pagweb"":""www.sm.edu.pe"",""dependencia"":""Particular"",""nivel_modalidad"":""Instituto Superior Tecnológico"",""region"":""DRE LIMA METROPOLITANA"",""dre_ugel"":""DRE LIMA METROPOLITANA"",""latitud"":-12.16853,""longitud"":-77.02928,""turno"":""Mañana-Noche"",""estado_codigo"":""1"",""estado"":""Activo"",""fecha_actualizacion_fuente"":""13-08-2026"",""modalidad"":""SUPERIOR""}",true,2026
1123769,681060,LINCOLN,Privada,SAN JUAN DE MIRAFLORES,JIRON LIZARDO MONTERO 514,"{""director"":""QUISPE APACLLA MARIA FELISA"",""telefono"":""4363487"",""email"":""istp_lincoln@hotmail.com"",""pagweb"":null,""dependencia"":""Particular"",""nivel_modalidad"":""Instituto Superior Tecnológico"",""region"":""DRE LIMA METROPOLITANA"",""dre_ugel"":""DRE LIMA METROPOLITANA"",""latitud"":-12.16393,""longitud"":-76.97251,""turno"":""Mañana"",""estado_codigo"":""1"",""estado"":""Activo"",""fecha_actualizacion_fuente"":""13-08-2026"",""modalidad"":""SUPERIOR""}",true,2026
1248954,681084,NUESTRA SEÑORA DE MONTSERRAT,Privada,LURIGANCHO,CALLE LOS CANARIOS MZ I-2 LOTE 3 Y 4 ETAPA II,"{""director"":""SILVA DE MONTOYA VILMA RAQUEL"",""telefono"":""4238487"",""email"":null,""pagweb"":null,""dependencia"":""Comunidad o asociación religiosa"",""nivel_modalidad"":""Instituto Superior Tecnológico"",""region"":""DRE LIMA METROPOLITANA"",""dre_ugel"":""DRE LIMA METROPOLITANA"",""latitud"":-12.0175,""longitud"":-76.94849,""turno"":""Mañana"",""estado_codigo"":""1"",""estado"":""Activo"",""fecha_actualizacion_fuente"":""13-08-2026"",""modalidad"":""SUPERIOR""}",true,2026
1468040,839678,IBEROAMERICANA,Privada,SAN MIGUEL,AVENIDA ELMER FAUCETT 288,"{""director"":""ROJAS GALLO ROLANDO"",""telefono"":null,""email"":null,""pagweb"":""http://www.avia.edu.pe/"",""dependencia"":""Particular"",""nivel_modalidad"":""Instituto Superior Tecnológico"",""region"":""DRE LIMA METROPOLITANA"",""dre_ugel"":""DRE LIMA METROPOLITANA"",""latitud"":-12.07021,""longitud"":-77.09808,""turno"":""Mañana-Tarde-Noche"",""estado_codigo"":""1"",""estado"":""Activo"",""fecha_actualizacion_fuente"":""13-08-2026"",""modalidad"":""SUPERIOR""}",true,2026
0337931,288681,DISEÑO Y COMUNICACION,Pública de gestión directa,LIMA,JIRON CHOTA 1121,"{""director"":""LUGO PEÑA WALTER ERNESTO"",""telefono"":""4330262"",""email"":null,""pagweb"":null,""dependencia"":""Sector Educación"",""nivel_modalidad"":""Instituto Superior Tecnológico"",""region"":""DRE LIMA METROPOLITANA"",""dre_ugel"":""DRE LIMA METROPOLITANA"",""latitud"":-12.0536,""longitud"":-77.0405,""turno"":""Mañana-Noche"",""estado_codigo"":""1"",""estado"":""Activo"",""fecha_actualizacion_fuente"":""13-08-2026"",""modalidad"":""SUPERIOR""}",true,2026
0337915,288493,ARGENTINA,Pública de gestión directa,LIMA,AVENIDA ALFONSO UGARTE 1011,"{""director"":""CASMA ZARATE CARLOS ANTONIO"",""telefono"":""3302865 - 4249058"",""email"":null,""pagweb"":null,""dependencia"":""Sector Educación"",""nivel_modalidad"":""Instituto Superior Tecnológico"",""region"":""DRE LIMA METROPOLITANA"",""dre_ugel"":""DRE LIMA METROPOLITANA"",""latitud"":-12.0519,""longitud"":-77.04201,""turno"":""Mañana-Noche"",""estado_codigo"":""1"",""estado"":""Activo"",""fecha_actualizacion_fuente"":""13-08-2026"",""modalidad"":""SUPERIOR""}",true,2026
1114818,866285,TECCEN,Privada,LOS OLIVOS,JIRON CARLOS AUGUSTO SALAVERRY 3606,"{""director"":""PACHECO ROMERO KAROL LIZBETH"",""telefono"":""3304628 - 3310976"",""email"":null,""pagweb"":""www.teccen.edu.pe"",""dependencia"":""Particular"",""nivel_modalidad"":""Instituto Superior Tecnológico"",""region"":""DRE LIMA METROPOLITANA"",""dre_ugel"":""DRE LIMA METROPOLITANA"",""latitud"":-11.99278,""longitud"":-77.06479,""turno"":""Mañana-Noche"",""estado_codigo"":""1"",""estado"":""Activo"",""fecha_actualizacion_fuente"":""13-08-2026"",""modalidad"":""SUPERIOR""}",true,2026
0332361,681164,NACIONES UNIDAS,Pública de gestión directa,PUEBLO LIBRE,AVENIDA LA MARINA 1190,"{""director"":""YAMUNAQUE GOMEZ ELENA"",""telefono"":""4614430"",""email"":null,""pagweb"":null,""dependencia"":""Sector Educación"",""nivel_modalidad"":""Instituto Superior Tecnológico"",""region"":""DRE LIMA METROPOLITANA"",""dre_ugel"":""DRE LIMA METROPOLITANA"",""latitud"":-12.0799,""longitud"":-77.0754,""turno"":""Mañana-Noche"",""estado_codigo"":""1"",""estado"":""Activo"",""fecha_actualizacion_fuente"":""13-08-2026"",""modalidad"":""SUPERIOR""}",true,2026
1468081,681277,CESSAG,Privada,SAN JUAN DE MIRAFLORES,AVENIDA LOS HEROES 620-B,"{""director"":""ANA MARIA VELARDE ROSARIO"",""telefono"":""4664069"",""email"":""cesag@terra.com"",""pagweb"":null,""dependencia"":""Particular"",""nivel_modalidad"":""Instituto Superior Tecnológico"",""region"":""DRE LIMA METROPOLITANA"",""dre_ugel"":""DRE LIMA METROPOLITANA"",""latitud"":-12.15518,""longitud"":-76.96961,""turno"":""Mañana-Noche"",""estado_codigo"":""1"",""estado"":""Activo"",""fecha_actualizacion_fuente"":""13-08-2026"",""modalidad"":""SUPERIOR""}",true,2026
1468115,619596,DE ALTA GASTRONOMIA LE GRAND GOURMET,Privada,LIMA,AVENIDA PETIT THOUARS 1281,"{""director"":""ROJAS RAMOS JUAN FELIX"",""telefono"":null,""email"":""iessm@terra.com.pe"",""pagweb"":null,""dependencia"":""Particular"",""nivel_modalidad"":""Instituto Superior Tecnológico"",""region"":""DRE LIMA METROPOLITANA"",""dre_ugel"":""DRE LIMA METROPOLITANA"",""latitud"":-12.077319,""longitud"":-77.03435,""turno"":""Noche"",""estado_codigo"":""1"",""estado"":""Activo"",""fecha_actualizacion_fuente"":""13-08-2026"",""modalidad"":""SUPERIOR""}",true,2026
1468149,681338,CENTRO DE LA IMAGEN,Privada,MIRAFLORES,AVENIDA 28 DE JULIO 815,"{""director"":""RUBIO RODRIGUEZ MANUEL JAVIER"",""telefono"":""4446999 - 4440180"",""email"":null,""pagweb"":""www.centrodelafotografia.edu.pe"",""dependencia"":""Particular"",""nivel_modalidad"":""Instituto Superior Tecnológico"",""region"":""DRE LIMA METROPOLITANA"",""dre_ugel"":""DRE LIMA METROPOLITANA"",""latitud"":-12.12836,""longitud"":-77.02561,""turno"":""Mañana"",""estado_codigo"":""1"",""estado"":""Activo"",""fecha_actualizacion_fuente"":""13-08-2026"",""modalidad"":""SUPERIOR""}",true,2026
1232974,505142,SANTA ROSA,Privada,JESUS MARIA,AVENIDA REPUBLICA DE CHILE 284,"{""director"":""HUANCA PEREZ EULALIA"",""telefono"":""3326693 - 4235219"",""email"":""istpsantarosa@hotmail.com"",""pagweb"":null,""dependencia"":""Particular"",""nivel_modalidad"":""Instituto Superior Tecnológico"",""region"":""DRE LIMA METROPOLITANA"",""dre_ugel"":""DRE LIMA METROPOLITANA"",""latitud"":-12.06689,""longitud"":-77.03813,""turno"":""Mañana-Tarde-Noche"",""estado_codigo"":""1"",""estado"":""Activo"",""fecha_actualizacion_fuente"":""13-08-2026"",""modalidad"":""SUPERIOR""}",true,2026
1122951,851830,SABIO NACIONAL ANTUNEZ DE MAYOLO,Privada,LOS OLIVOS,AVENIDA ALFREDO MENDIOLA 6565 MZ G LOTE 15,"{""director"":""JARA MARTEL JESSENIA JANE"",""telefono"":""4213025 - 4331169"",""email"":null,""pagweb"":""www.telesup.edu.pe"",""dependencia"":""Particular"",""nivel_modalidad"":""Instituto Superior Tecnológico"",""region"":""DRE LIMA METROPOLITANA"",""dre_ugel"":""DRE LIMA METROPOLITANA"",""latitud"":-11.95052,""longitud"":-77.0707,""turno"":""Mañana"",""estado_codigo"":""1"",""estado"":""Activo"",""fecha_actualizacion_fuente"":""13-08-2026"",""modalidad"":""SUPERIOR""}",true,2026
1468255,856408,SAN JOSE DEL SUR,Privada,LURIN,JIRON BOLIVAR S/N MZ G LOTE 38,"{""director"":""CUADROS ANGULO JOHN EDWARD"",""telefono"":""7818249"",""email"":null,""pagweb"":null,""dependencia"":""Particular"",""nivel_modalidad"":""Instituto Superior Tecnológico"",""region"":""DRE LIMA METROPOLITANA"",""dre_ugel"":""DRE LIMA METROPOLITANA"",""latitud"":-12.27251,""longitud"":-76.86966,""turno"":""Mañana-Noche"",""estado_codigo"":""1"",""estado"":""Activo"",""fecha_actualizacion_fuente"":""13-08-2026"",""modalidad"":""SUPERIOR""}",true,2026
1468289,681606,TECNOLOGICO DE ESTUDIOS ADMINISTRATIVOS - ISEA,Privada,JESUS MARIA,JIRON TALARA 702,"{""director"":""MARIA TRINIDAD ZAMBRANO LEIVA"",""telefono"":null,""email"":null,""pagweb"":null,""dependencia"":""Particular"",""nivel_modalidad"":""Instituto Superior Tecnológico"",""region"":""DRE LIMA METROPOLITANA"",""dre_ugel"":""DRE LIMA METROPOLITANA"",""latitud"":-12.07191,""longitud"":-77.04276,""turno"":""Mañana"",""estado_codigo"":""1"",""estado"":""Activo"",""fecha_actualizacion_fuente"":""13-08-2026"",""modalidad"":""SUPERIOR""}",true,2026
1468305,681625,EXPRO - EXCELENCIA PROFESIONAL,Privada,SAN ISIDRO,AVENIDA JAVIER PRADO ESTE 330,"{""director"":""LOPEZ OLORTIGUE ANTONIO FACUNDO"",""telefono"":""2223959"",""email"":null,""pagweb"":""www.expro.edu.pe"",""dependencia"":""Particular"",""nivel_modalidad"":""Instituto Superior Tecnológico"",""region"":""DRE LIMA METROPOLITANA"",""dre_ugel"":""DRE LIMA METROPOLITANA"",""latitud"":-12.09225,""longitud"":-77.0308,""turno"":""Mañana-Noche"",""estado_codigo"":""1"",""estado"":""Activo"",""fecha_actualizacion_fuente"":""13-08-2026"",""modalidad"":""SUPERIOR""}",true,2026
1468347,852599,INSTITUTO DE PROFESIONES EMPRESARIALES - INTECI,Privada,SANTIAGO DE SURCO,AVENIDA SANTIAGO DE SURCO 4366,"{""director"":""ARAUJO CASTILLO JANET DEL ROSARIO"",""telefono"":""5232600"",""email"":null,""pagweb"":""www.inteci.edu.pe"",""dependencia"":""Particular"",""nivel_modalidad"":""Instituto Superior Tecnológico"",""region"":""DRE LIMA METROPOLITANA"",""dre_ugel"":""DRE LIMA METROPOLITANA"",""latitud"":-12.14094,""longitud"":-76.99286,""turno"":""Mañana-Noche"",""estado_codigo"":""1"",""estado"":""Activo"",""fecha_actualizacion_fuente"":""13-08-2026"",""modalidad"":""SUPERIOR""}",true,2026
1468354,847409,ALTA COCINA D'GALLIA,Privada,MAGDALENA DEL MAR,AVENIDA DEL EJERCITO 430,"{""director"":""MENDOZA CONTRERAS PEDRO DANIEL"",""telefono"":""2610808"",""email"":null,""pagweb"":""www.dgallia.edu.pe"",""dependencia"":""Particular"",""nivel_modalidad"":""Instituto Superior Tecnológico"",""region"":""DRE LIMA METROPOLITANA"",""dre_ugel"":""DRE LIMA METROPOLITANA"",""latitud"":-12.09806,""longitud"":-77.06926,""turno"":""Mañana-Noche"",""estado_codigo"":""1"",""estado"":""Activo"",""fecha_actualizacion_fuente"":""13-08-2026"",""modalidad"":""SUPERIOR""}",true,2026
1468628,682210,ADDIS,Privada,PACHACAMAC,AVENIDA HUERTOS DE MANCHAY S/N,"{""director"":""OSPINA RETAMOZO RAUL RICARDO"",""telefono"":""3455466"",""email"":""iesp_addis@yahoo.es"",""pagweb"":null,""dependencia"":""Particular"",""nivel_modalidad"":""Instituto Superior Tecnológico"",""region"":""DRE LIMA METROPOLITANA"",""dre_ugel"":""DRE LIMA METROPOLITANA"",""latitud"":-12.11589,""longitud"":-76.87013,""turno"":""Noche"",""estado_codigo"":""1"",""estado"":""Activo"",""fecha_actualizacion_fuente"":""13-08-2026"",""modalidad"":""SUPERIOR""}",true,2026
1468073,704392,PERUANO DE CHEFS,Privada,SAN MIGUEL,AVENIDA LA MARINA 3274,"{""director"":""LAM CHIFU JORGE AUGUSTO"",""telefono"":""4526307 - 5619657"",""email"":""iperuanodechefs@speedy.com.pe"",""pagweb"":""www.ipchefs.edu.pe"",""dependencia"":""Particular"",""nivel_modalidad"":""Instituto Superior Tecnológico"",""region"":""DRE LIMA METROPOLITANA"",""dre_ugel"":""DRE LIMA METROPOLITANA"",""latitud"":-12.074,""longitud"":-77.09883,""turno"":""Mañana-Noche"",""estado_codigo"":""1"",""estado"":""Activo"",""fecha_actualizacion_fuente"":""13-08-2026"",""modalidad"":""SUPERIOR""}",true,2026
1468636,835345,EDUCACION MEDICA SAN FERNANDO,Privada,JESUS MARIA,AVENIDA REPUBLICA DE CHILE 475 - 477,"{""director"":""CONCHA TAYRO AMILCAR"",""telefono"":""3390088"",""email"":null,""pagweb"":null,""dependencia"":""Particular"",""nivel_modalidad"":""Instituto Superior Tecnológico"",""region"":""DRE LIMA METROPOLITANA"",""dre_ugel"":""DRE LIMA METROPOLITANA"",""latitud"":-12.06938,""longitud"":-77.03839,""turno"":""Mañana-Noche"",""estado_codigo"":""1"",""estado"":""Activo"",""fecha_actualizacion_fuente"":""13-08-2026"",""modalidad"":""SUPERIOR""}",true,2026
1468644,682253,LA FLORIDA DEL INCA,Privada,ATE,AVENIDA LOS VIRREYES 2055,"{""director"":""ENRIQUEZ CHAUCA DE VILLAGOMEZ ANA MARIA"",""telefono"":""3510595"",""email"":null,""pagweb"":null,""dependencia"":""Particular"",""nivel_modalidad"":""Instituto Superior Tecnológico"",""region"":""DRE LIMA METROPOLITANA"",""dre_ugel"":""DRE LIMA METROPOLITANA"",""latitud"":-12.02772,""longitud"":-76.93085,""turno"":""Noche"",""estado_codigo"":""1"",""estado"":""Activo"",""fecha_actualizacion_fuente"":""13-08-2026"",""modalidad"":""SUPERIOR""}",true,2026
1115682,323509,INSTITUTO CIENTIFICO TECNOLOGICO DEL PERU - INCITEP,Privada,VILLA EL SALVADOR,AVENIDA JORGE CHAVEZ 1086 SECTOR 2,"{""director"":""SANCHEZ TORRES JOSE MERCEDES"",""telefono"":""2877493"",""email"":null,""pagweb"":null,""dependencia"":""Particular"",""nivel_modalidad"":""Instituto Superior Tecnológico"",""region"":""DRE LIMA METROPOLITANA"",""dre_ugel"":""DRE LIMA METROPOLITANA"",""latitud"":-12.213214,""longitud"":-76.937095,""turno"":""Mañana-Noche"",""estado_codigo"":""1"",""estado"":""Activo"",""fecha_actualizacion_fuente"":""13-08-2026"",""modalidad"":""SUPERIOR""}",true,2026
1250133,354647,MARGARITA CABRERA,Privada,MIRAFLORES,AVENIDA LARCO 1275-1279,"{""director"":""MARTINEZ TORRES ABRAHAM JOSE MARTINEZ"",""telefono"":""4475372"",""email"":null,""pagweb"":""www.margaritacabrera.edu.pe"",""dependencia"":""Particular"",""nivel_modalidad"":""Instituto Superior Tecnológico"",""region"":""DRE LIMA METROPOLITANA"",""dre_ugel"":""DRE LIMA METROPOLITANA"",""latitud"":-12.130574,""longitud"":-77.029719,""turno"":""Mañana"",""estado_codigo"":""1"",""estado"":""Activo"",""fecha_actualizacion_fuente"":""13-08-2026"",""modalidad"":""SUPERIOR""}",true,2026
1350628,519101,TRENTINO JUAN PABLO II,Privada,PACHACAMAC,CALLE 88 SECTOR G,"{""director"":""NINAPAYTA DURAND LILIANA ELVIRA"",""telefono"":""3455045"",""email"":null,""pagweb"":null,""dependencia"":""Particular"",""nivel_modalidad"":""Instituto Superior Tecnológico"",""region"":""DRE LIMA METROPOLITANA"",""dre_ugel"":""DRE LIMA METROPOLITANA"",""latitud"":-12.10884,""longitud"":-76.86877,""turno"":""Mañana-Tarde-Noche"",""estado_codigo"":""1"",""estado"":""Activo"",""fecha_actualizacion_fuente"":""13-08-2026"",""modalidad"":""SUPERIOR""}",true,2026
1350644,827251,DE ARTES VISUALES EDITH SACHS,Privada,BARRANCO,AVENIDA GRAU 1025-1027,"{""director"":""RUIS GONZALEZ ILAS ALONSO"",""telefono"":null,""email"":null,""pagweb"":null,""dependencia"":""Particular"",""nivel_modalidad"":""Instituto Superior Tecnológico"",""region"":""DRE LIMA METROPOLITANA"",""dre_ugel"":""DRE LIMA METROPOLITANA"",""latitud"":-12.14082,""longitud"":-77.02237,""turno"":""Mañana-Noche"",""estado_codigo"":""1"",""estado"":""Activo"",""fecha_actualizacion_fuente"":""13-08-2026"",""modalidad"":""SUPERIOR""}",true,2026
1350651,830512,CREA E INNOVA - INSTITUTO DE EMPRENDEDORES,Privada,LOS OLIVOS,AVENIDA ALFREDO MENDIOLA 3857,"{""director"":""RUIS GONZALEZ ILAS ALONSO"",""telefono"":null,""email"":null,""pagweb"":null,""dependencia"":""Particular"",""nivel_modalidad"":""Instituto Superior Tecnológico"",""region"":""DRE LIMA METROPOLITANA"",""dre_ugel"":""DRE LIMA METROPOLITANA"",""latitud"":-12.004,""longitud"":-77.06246,""turno"":""Mañana-Noche"",""estado_codigo"":""1"",""estado"":""Activo"",""fecha_actualizacion_fuente"":""13-08-2026"",""modalidad"":""SUPERIOR""}",true,2026
1350669,519097,ISOTUR,Privada,LOS OLIVOS,CALLE FAUSTINO MALDONADO 265,"{""director"":""ORTIZ CABRERA EDGAR"",""telefono"":""5393713"",""email"":null,""pagweb"":null,""dependencia"":""Particular"",""nivel_modalidad"":""Instituto Superior Tecnológico"",""region"":""DRE LIMA METROPOLITANA"",""dre_ugel"":""DRE LIMA METROPOLITANA"",""latitud"":-11.9935,""longitud"":-77.0652,""turno"":""Mañana-Tarde-Noche"",""estado_codigo"":""1"",""estado"":""Activo"",""fecha_actualizacion_fuente"":""13-08-2026"",""modalidad"":""SUPERIOR""}",true,2026
1249614,088626,SAN ANTONIO,Privada,COMAS,AVENIDA RETABLO 520,"{""director"":null,""telefono"":null,""email"":null,""pagweb"":null,""dependencia"":""Particular"",""nivel_modalidad"":""Instituto Superior Tecnológico"",""region"":""DRE LIMA METROPOLITANA"",""dre_ugel"":""DRE LIMA METROPOLITANA"",""latitud"":-11.95714,""longitud"":-77.049835,""turno"":""Mañana-Tarde"",""estado_codigo"":""1"",""estado"":""Activo"",""fecha_actualizacion_fuente"":""13-08-2026"",""modalidad"":""SUPERIOR""}",true,2026
1355676,523909,LURIN,Pública de gestión directa,LURIN,MZ K LOTE 15-16 ETAPA I,"{""director"":""COJAL TORRES ELOY HUMBERTO"",""telefono"":""2576875"",""email"":null,""pagweb"":null,""dependencia"":""Sector Educación"",""nivel_modalidad"":""Instituto Superior Tecnológico"",""region"":""DRE LIMA METROPOLITANA"",""dre_ugel"":""DRE LIMA METROPOLITANA"",""latitud"":-12.2371,""longitud"":-76.9092,""turno"":""Mañana-Noche"",""estado_codigo"":""1"",""estado"":""Activo"",""fecha_actualizacion_fuente"":""13-08-2026"",""modalidad"":""SUPERIOR""}",true,2026
1366574,529647,GENOVA,Privada,PUENTE PIEDRA,CALLE 4 111-121,"{""director"":""HUAYNALAYA ROJAS ODIN"",""telefono"":null,""email"":null,""pagweb"":null,""dependencia"":""Particular"",""nivel_modalidad"":""Instituto Superior Tecnológico"",""region"":""DRE LIMA METROPOLITANA"",""dre_ugel"":""DRE LIMA METROPOLITANA"",""latitud"":-11.86389,""longitud"":-77.07075,""turno"":""Mañana"",""estado_codigo"":""1"",""estado"":""Activo"",""fecha_actualizacion_fuente"":""13-08-2026"",""modalidad"":""SUPERIOR""}",true,2026
1341619,512326,SOUTHERN TECHNOLOGICAL INSTITUTE,Privada,JESUS MARIA,AVENIDA ARENALES 956,"{""director"":""VALDIVIESO CORNETERO FRANQUIN MARTIN"",""telefono"":""3737082"",""email"":null,""pagweb"":null,""dependencia"":""Particular"",""nivel_modalidad"":""Instituto Superior Tecnológico"",""region"":""DRE LIMA METROPOLITANA"",""dre_ugel"":""DRE LIMA METROPOLITANA"",""latitud"":-12.07423,""longitud"":-77.03726,""turno"":""Mañana-Noche"",""estado_codigo"":""1"",""estado"":""Activo"",""fecha_actualizacion_fuente"":""13-08-2026"",""modalidad"":""SUPERIOR""}",true,2026
1391721,704373,CHIO LECCA,Privada,SAN ISIDRO,AVENIDA JAVIER PRADO OESTE 1310 - 1320,"{""director"":""CASTILLO LECCA GIAN FRANCO"",""telefono"":null,""email"":null,""pagweb"":null,""dependencia"":""Particular"",""nivel_modalidad"":""Instituto Superior Tecnológico"",""region"":""DRE LIMA METROPOLITANA"",""dre_ugel"":""DRE LIMA METROPOLITANA"",""latitud"":-12.09279,""longitud"":-77.04413,""turno"":""Mañana-Tarde-Noche"",""estado_codigo"":""1"",""estado"":""Activo"",""fecha_actualizacion_fuente"":""13-08-2026"",""modalidad"":""SUPERIOR""}",true,2026
1396993,552510,VIRGINIA HENDERSON,Privada,BREÑA,AVENIDA BOLIVIA 724,"{""director"":""ALCALDE CACHAY JOSE LUIS"",""telefono"":null,""email"":null,""pagweb"":null,""dependencia"":""Particular"",""nivel_modalidad"":""Instituto Superior Tecnológico"",""region"":""DRE LIMA METROPOLITANA"",""dre_ugel"":""DRE LIMA METROPOLITANA"",""latitud"":-12.05638,""longitud"":-77.04547,""turno"":""Mañana-Noche"",""estado_codigo"":""1"",""estado"":""Activo"",""fecha_actualizacion_fuente"":""13-08-2026"",""modalidad"":""SUPERIOR""}",true,2026
1464320,856173,CORRIENTE ALTERNA,Privada,MIRAFLORES,AVENIDA AVIACION 500,"{""director"":""LOPEZ ARISMENDIZ ISRAEL STEFANO"",""telefono"":null,""email"":null,""pagweb"":null,""dependencia"":""Particular"",""nivel_modalidad"":""Instituto Superior Tecnológico"",""region"":""DRE LIMA METROPOLITANA"",""dre_ugel"":""DRE LIMA METROPOLITANA"",""latitud"":-12.12256,""longitud"":-77.03974,""turno"":""Mañana-Tarde-Noche"",""estado_codigo"":""1"",""estado"":""Activo"",""fecha_actualizacion_fuente"":""13-08-2026"",""modalidad"":""SUPERIOR""}",true,2026
1472273,830606,ADMINISTRACION Y NEGOCIOS,Privada,JESUS MARIA,AVENIDA SAN FELIPE 650-652,"{""director"":""GARCIA JERI OSWALDO CARLOS"",""telefono"":null,""email"":null,""pagweb"":null,""dependencia"":""Particular"",""nivel_modalidad"":""Instituto Superior Tecnológico"",""region"":""DRE LIMA METROPOLITANA"",""dre_ugel"":""DRE LIMA METROPOLITANA"",""latitud"":-12.08305,""longitud"":-77.05116,""turno"":""Mañana-Noche"",""estado_codigo"":""1"",""estado"":""Activo"",""fecha_actualizacion_fuente"":""13-08-2026"",""modalidad"":""SUPERIOR""}",true,2026
1526052,616183,PERU - CATOLICA,Privada,ATE,AVENIDA CENTRAL 725,"{""director"":""PACHECO ROMERO KAROL LIZBETH"",""telefono"":null,""email"":null,""pagweb"":null,""dependencia"":""Particular"",""nivel_modalidad"":""Instituto Superior Tecnológico"",""region"":""DRE LIMA METROPOLITANA"",""dre_ugel"":""DRE LIMA METROPOLITANA"",""latitud"":-12.02427,""longitud"":-76.91545,""turno"":""Mañana-Tarde-Noche"",""estado_codigo"":""1"",""estado"":""Activo"",""fecha_actualizacion_fuente"":""13-08-2026"",""modalidad"":""SUPERIOR""}",true,2026
1526045,616178,DE EMPRENDEDORES,Privada,INDEPENDENCIA,AVENIDA INDUSTRIAL 3484,"{""director"":""DIEZ CANSECO TERRY DANIEL HUGH"",""telefono"":null,""email"":null,""pagweb"":null,""dependencia"":""Particular"",""nivel_modalidad"":""Instituto Superior Tecnológico"",""region"":""DRE LIMA METROPOLITANA"",""dre_ugel"":""DRE LIMA METROPOLITANA"",""latitud"":-11.995656,""longitud"":-77.058608,""turno"":""Mañana-Tarde-Noche"",""estado_codigo"":""1"",""estado"":""Activo"",""fecha_actualizacion_fuente"":""13-08-2026"",""modalidad"":""SUPERIOR""}",true,2026
1529825,618790,FE Y ALEGRIA 61 - SANTA RAFAELA MARIA,Pública de gestión directa,VILLA EL SALVADOR,AVENIDA REVOLUCION S/N,"{""director"":""PERALTA GIBAJA DE CANO MIRIAM"",""telefono"":null,""email"":null,""pagweb"":null,""dependencia"":""Sector Educación"",""nivel_modalidad"":""Instituto Superior Tecnológico"",""region"":""DRE LIMA METROPOLITANA"",""dre_ugel"":""DRE LIMA METROPOLITANA"",""latitud"":-12.21956,""longitud"":-76.93314,""turno"":""Mañana-Tarde"",""estado_codigo"":""1"",""estado"":""Activo"",""fecha_actualizacion_fuente"":""13-08-2026"",""modalidad"":""SUPERIOR""}",true,2026
1529833,618808,FE Y ALEGRIA 75,Pública de gestión directa,SAN JUAN DE MIRAFLORES,AVENIDA SAN JUAN 1538,"{""director"":null,""telefono"":null,""email"":null,""pagweb"":null,""dependencia"":""Sector Educación"",""nivel_modalidad"":""Instituto Superior Tecnológico"",""region"":""DRE LIMA METROPOLITANA"",""dre_ugel"":""DRE LIMA METROPOLITANA"",""latitud"":-12.14917,""longitud"":-76.97024,""turno"":""Mañana-Tarde"",""estado_codigo"":""1"",""estado"":""Activo"",""fecha_actualizacion_fuente"":""13-08-2026"",""modalidad"":""SUPERIOR""}",true,2026
1530690,619582,AMERICANO,Privada,PUENTE PIEDRA,AVENIDA SAENZ PEÑA MZ E-F LOTE 22,"{""director"":""GRANADOS HUAMAN KATERINE MELANY"",""telefono"":null,""email"":null,""pagweb"":null,""dependencia"":""Particular"",""nivel_modalidad"":""Instituto Superior Tecnológico"",""region"":""DRE LIMA METROPOLITANA"",""dre_ugel"":""DRE LIMA METROPOLITANA"",""latitud"":-11.86633,""longitud"":-77.07652,""turno"":""Mañana-Tarde"",""estado_codigo"":""1"",""estado"":""Activo"",""fecha_actualizacion_fuente"":""13-08-2026"",""modalidad"":""SUPERIOR""}",true,2026
1661685,743685,DE LAS FUERZAS ARMADAS,Pública de gestión directa,RIMAC,AVENIDA PROLONGACION ALCAZAR S/N,"{""director"":""PAREDES TAVARA JORGE LUIS"",""telefono"":""2191630"",""email"":null,""pagweb"":""http://www.iestpffaa.edu.pe/"",""dependencia"":""Otro sector público (FF.AA.)"",""nivel_modalidad"":""Instituto Superior Tecnológico"",""region"":""DRE LIMA METROPOLITANA"",""dre_ugel"":""DRE LIMA METROPOLITANA"",""latitud"":-12.02315,""longitud"":-77.03806,""turno"":""Mañana-Tarde"",""estado_codigo"":""1"",""estado"":""Activo"",""fecha_actualizacion_fuente"":""13-08-2026"",""modalidad"":""SUPERIOR""}",true,2026
1663129,745255,ETE SARGENTO 2DO FERNANDO LORES TENAZOA,Pública de gestión directa,CHORRILLOS,AVENIDA PROLONGACION PASEO DE LA REPUBLICA S/N,"{""director"":""VARGAS NEIRA LARRY IVAN"",""telefono"":null,""email"":null,""pagweb"":null,""dependencia"":""Otro sector público (FF.AA.)"",""nivel_modalidad"":""Instituto Superior Tecnológico"",""region"":""DRE LIMA METROPOLITANA"",""dre_ugel"":""DRE LIMA METROPOLITANA"",""latitud"":-12.17203,""longitud"":-77.01577,""turno"":""Mañana-Tarde-Noche"",""estado_codigo"":""1"",""estado"":""Activo"",""fecha_actualizacion_fuente"":""13-08-2026"",""modalidad"":""SUPERIOR""}",true,2026
1667088,750609,PERUANO DE CINE Y CREATIVIDAD - EPIC,Privada,BARRANCO,AVENIDA TEJADA 554,"{""director"":""FIGUEROA CHUQUILLANQUI KATHERINE VICTORIA"",""telefono"":""7002110"",""email"":""direccion.general@epic.edu.pe"",""pagweb"":null,""dependencia"":""Particular"",""nivel_modalidad"":""Instituto Superior Tecnológico"",""region"":""DRE LIMA METROPOLITANA"",""dre_ugel"":""DRE LIMA METROPOLITANA"",""latitud"":-12.13087,""longitud"":-77.01961,""turno"":""Mañana-Noche"",""estado_codigo"":""1"",""estado"":""Activo"",""fecha_actualizacion_fuente"":""13-08-2026"",""modalidad"":""SUPERIOR""}",true,2026
1667146,750666,MOD'ART PERU,Privada,MIRAFLORES,AVENIDA 28 DE JULIO 820,"{""director"":""PAREDES DONGO DE IGLESIAS ALMA SOLEDAD"",""telefono"":null,""email"":null,""pagweb"":null,""dependencia"":""Particular"",""nivel_modalidad"":""Instituto Superior Tecnológico"",""region"":""DRE LIMA METROPOLITANA"",""dre_ugel"":""DRE LIMA METROPOLITANA"",""latitud"":-12.1286,""longitud"":-77.02544,""turno"":""Mañana-Tarde-Noche"",""estado_codigo"":""1"",""estado"":""Activo"",""fecha_actualizacion_fuente"":""13-08-2026"",""modalidad"":""SUPERIOR""}",true,2026
1667187,514269,SER SALUD,Privada,LINCE,AVENIDA ARENALES 2328,"{""director"":null,""telefono"":null,""email"":null,""pagweb"":null,""dependencia"":""Particular"",""nivel_modalidad"":""Instituto Superior Tecnológico"",""region"":""DRE LIMA METROPOLITANA"",""dre_ugel"":""DRE LIMA METROPOLITANA"",""latitud"":-12.08755,""longitud"":-77.03528,""turno"":""Mañana-Tarde-Noche"",""estado_codigo"":""1"",""estado"":""Activo"",""fecha_actualizacion_fuente"":""13-08-2026"",""modalidad"":""SUPERIOR""}",true,2026
1690312,774403,AERONAUTICO SUBOFICIAL MAESTRO DE 2DA. FAP MANUEL POLO JIMENEZ,Pública de gestión directa,SANTIAGO DE SURCO,AVENIDA JORGE CHAVEZ S/N,"{""director"":""VELASQUEZ PORTELLA DAVID FERNANDO"",""telefono"":""2135200"",""email"":null,""pagweb"":null,""dependencia"":""Otro sector público (FF.AA.)"",""nivel_modalidad"":""Instituto Superior Tecnológico"",""region"":""DRE LIMA METROPOLITANA"",""dre_ugel"":""DRE LIMA METROPOLITANA"",""latitud"":-12.15249,""longitud"":-77.00369,""turno"":""Mañana-Tarde"",""estado_codigo"":""1"",""estado"":""Activo"",""fecha_actualizacion_fuente"":""13-08-2026"",""modalidad"":""SUPERIOR""}",true,2026
1700301,782672,EUROAMERICANO,Privada,SAN MARTIN DE PORRES,JIRON ANGAMOS S/N MZ B LOTE 05 SECTOR EDUCACION,"{""director"":""MARINOS VILLANUEVA PIEDAD MELCHORA"",""telefono"":""5315092"",""email"":null,""pagweb"":null,""dependencia"":""Particular"",""nivel_modalidad"":""Instituto Superior Tecnológico"",""region"":""DRE LIMA METROPOLITANA"",""dre_ugel"":""DRE LIMA METROPOLITANA"",""latitud"":-11.99813,""longitud"":-77.09224,""turno"":""Mañana-Tarde-Noche"",""estado_codigo"":""1"",""estado"":""Activo"",""fecha_actualizacion_fuente"":""13-08-2026"",""modalidad"":""SUPERIOR""}",true,2026
1700335,782709,INTERNACIONAL DE GOBIERNO - IGOB,Privada,SAN LUIS,AVENIDA AGUSTIN DE LA ROSA TORO S/N MZ F LOTE 02 ETAPA IV,"{""director"":null,""telefono"":null,""email"":null,""pagweb"":null,""dependencia"":""Particular"",""nivel_modalidad"":""Instituto Superior Tecnológico"",""region"":""DRE LIMA METROPOLITANA"",""dre_ugel"":""DRE LIMA METROPOLITANA"",""latitud"":-12.080535,""longitud"":-76.99354,""turno"":""Mañana-Noche"",""estado_codigo"":""1"",""estado"":""Activo"",""fecha_actualizacion_fuente"":""13-08-2026"",""modalidad"":""SUPERIOR""}",true,2026
1700657,782926,MIGUEL ANGEL ASTURIAS,Privada,COMAS,PASAJE FRANCISCO GUERRERO 170 ETAPA III,"{""director"":null,""telefono"":null,""email"":null,""pagweb"":null,""dependencia"":""Particular"",""nivel_modalidad"":""Instituto Superior Tecnológico"",""region"":""DRE LIMA METROPOLITANA"",""dre_ugel"":""DRE LIMA METROPOLITANA"",""latitud"":-11.914959,""longitud"":-77.026733,""turno"":""Mañana-Tarde"",""estado_codigo"":""1"",""estado"":""Activo"",""fecha_actualizacion_fuente"":""13-08-2026"",""modalidad"":""SUPERIOR""}",true,2026
1700871,349948,HEADWAY COLLEGE,Privada,MIRAFLORES,CALLE SEVILLA 107,"{""director"":null,""telefono"":null,""email"":null,""pagweb"":""www.headwaycollege.com"",""dependencia"":""Particular"",""nivel_modalidad"":""Instituto Superior Tecnológico"",""region"":""DRE LIMA METROPOLITANA"",""dre_ugel"":""DRE LIMA METROPOLITANA"",""latitud"":-12.10676,""longitud"":-77.03083,""turno"":""Mañana"",""estado_codigo"":""1"",""estado"":""Activo"",""fecha_actualizacion_fuente"":""13-08-2026"",""modalidad"":""SUPERIOR""}",true,2026
1701168,783600,INSTITUTO PERUANO DE TURISMO Y FINANZAS IPT - PERU,Privada,LOS OLIVOS,AVENIDA ALFREDO MENDIOLA 6319,"{""director"":""CHIRIHUANA TORRES MAGALY"",""telefono"":null,""email"":null,""pagweb"":""www.ipt.edu.pe"",""dependencia"":""Particular"",""nivel_modalidad"":""Instituto Superior Tecnológico"",""region"":""DRE LIMA METROPOLITANA"",""dre_ugel"":""DRE LIMA METROPOLITANA"",""latitud"":-11.94131,""longitud"":-77.07185,""turno"":""Mañana-Tarde"",""estado_codigo"":""1"",""estado"":""Activo"",""fecha_actualizacion_fuente"":""13-08-2026"",""modalidad"":""SUPERIOR""}",true,2026
1702026,784831,SEMINARIO TEOLOGICO EVANGELICO PRESBITERIANO DEL PERU,Privada,LINCE,JIRON MARISCAL MILLER 1535,"{""director"":""SANCHEZ PEREZ ALBERTO ARTURO"",""telefono"":null,""email"":null,""pagweb"":null,""dependencia"":""Particular"",""nivel_modalidad"":""Instituto Superior Tecnológico"",""region"":""DRE LIMA METROPOLITANA"",""dre_ugel"":""DRE LIMA METROPOLITANA"",""latitud"":-12.08056,""longitud"":-77.03739,""turno"":""Tarde"",""estado_codigo"":""1"",""estado"":""Activo"",""fecha_actualizacion_fuente"":""13-08-2026"",""modalidad"":""SUPERIOR""}",true,2026
1703057,785680,SANTA ANA,Privada,VILLA MARIA DEL TRIUNFO,AVENIDA MARIA PARADO DE BELLIDO 187,"{""director"":""CURO ROJAS CRISTIAN ABRAHAM"",""telefono"":null,""email"":null,""pagweb"":""http://instituto.parroquiasantaana.com.pe/"",""dependencia"":""Particular"",""nivel_modalidad"":""Instituto Superior Tecnológico"",""region"":""DRE LIMA METROPOLITANA"",""dre_ugel"":""DRE LIMA METROPOLITANA"",""latitud"":-12.22207,""longitud"":-76.91551,""turno"":""Mañana-Tarde-Noche"",""estado_codigo"":""1"",""estado"":""Activo"",""fecha_actualizacion_fuente"":""13-08-2026"",""modalidad"":""SUPERIOR""}",true,2026
1703156,785760,AUGUSTE RENOIR,Privada,PUENTE PIEDRA,"MZ B LOTE 2,3 Y 52","{""director"":null,""telefono"":null,""email"":null,""pagweb"":null,""dependencia"":""Particular"",""nivel_modalidad"":""Instituto Superior Tecnológico"",""region"":""DRE LIMA METROPOLITANA"",""dre_ugel"":""DRE LIMA METROPOLITANA"",""latitud"":-11.84803,""longitud"":-77.09672,""turno"":""Mañana-Tarde"",""estado_codigo"":""1"",""estado"":""Activo"",""fecha_actualizacion_fuente"":""13-08-2026"",""modalidad"":""SUPERIOR""}",true,2026
1703545,786260,GAMOR,Privada,LIMA,PLAZA BOLOGNESI 445,"{""director"":""NINA GONZALES MARIA TERESA"",""telefono"":""4314765 - 3320072"",""email"":null,""pagweb"":null,""dependencia"":""Particular"",""nivel_modalidad"":""Instituto Superior Tecnológico"",""region"":""DRE LIMA METROPOLITANA"",""dre_ugel"":""DRE LIMA METROPOLITANA"",""latitud"":-12.06078,""longitud"":-77.04105,""turno"":""Mañana-Tarde-Noche"",""estado_codigo"":""1"",""estado"":""Activo"",""fecha_actualizacion_fuente"":""13-08-2026"",""modalidad"":""SUPERIOR""}",true,2026
1703644,786335,CETEMIN,Privada,LURIGANCHO,CARRETERA CENTRAL Y CALLE CAMINO REAL KM. 29,"{""director"":""DELGADO ALVAREZ ALEX RAPHAEL"",""telefono"":null,""email"":null,""pagweb"":null,""dependencia"":""Particular"",""nivel_modalidad"":""Instituto Superior Tecnológico"",""region"":""DRE LIMA METROPOLITANA"",""dre_ugel"":""DRE LIMA METROPOLITANA"",""latitud"":-11.95651,""longitud"":-76.7342,""turno"":""Mañana-Tarde-Noche"",""estado_codigo"":""1"",""estado"":""Activo"",""fecha_actualizacion_fuente"":""13-08-2026"",""modalidad"":""SUPERIOR""}",true,2026
1703651,786340,COMUNIDAD TEOLOGICA DEL PERU,Privada,SAN MIGUEL,AVENIDA ANDRES RAZURI 327,"{""director"":""MORALES PEÑA JUAN JOSE"",""telefono"":null,""email"":null,""pagweb"":null,""dependencia"":""Particular"",""nivel_modalidad"":""Instituto Superior Tecnológico"",""region"":""DRE LIMA METROPOLITANA"",""dre_ugel"":""DRE LIMA METROPOLITANA"",""latitud"":-12.07718,""longitud"":-77.10062,""turno"":""Mañana-Tarde-Noche"",""estado_codigo"":""1"",""estado"":""Activo"",""fecha_actualizacion_fuente"":""13-08-2026"",""modalidad"":""SUPERIOR""}",true,2026
1704394,787014,INCOFI,Privada,JESUS MARIA,AVENIDA BRASIL 1525,"{""director"":""FLORES HIDALGO GILBERTO ROGELIO"",""telefono"":null,""email"":null,""pagweb"":null,""dependencia"":""Particular"",""nivel_modalidad"":""Instituto Superior Tecnológico"",""region"":""DRE LIMA METROPOLITANA"",""dre_ugel"":""DRE LIMA METROPOLITANA"",""latitud"":-12.07452,""longitud"":-77.05309,""turno"":""Mañana-Tarde-Noche"",""estado_codigo"":""1"",""estado"":""Activo"",""fecha_actualizacion_fuente"":""13-08-2026"",""modalidad"":""SUPERIOR""}",true,2026
1704857,787405,CELDEP,Privada,LIMA,JIRON PALCA 128,"{""director"":""RODRIGUEZ CHOQUE TIBERIO EDGARD"",""telefono"":""4242699"",""email"":null,""pagweb"":null,""dependencia"":""Particular"",""nivel_modalidad"":""Instituto Superior Tecnológico"",""region"":""DRE LIMA METROPOLITANA"",""dre_ugel"":""DRE LIMA METROPOLITANA"",""latitud"":-12.0631,""longitud"":-77.04034,""turno"":""Mañana-Noche"",""estado_codigo"":""1"",""estado"":""Activo"",""fecha_actualizacion_fuente"":""13-08-2026"",""modalidad"":""SUPERIOR""}",true,2026
1720481,802482,IDEPRO - INSTITUTO DE DESARROLLO PROFESIONAL,Privada,LURIN,JIRON COLON 252,"{""director"":""ASCARZA URRIBARI RAFAEL"",""telefono"":null,""email"":null,""pagweb"":null,""dependencia"":""Particular"",""nivel_modalidad"":""Instituto Superior Tecnológico"",""region"":""DRE LIMA METROPOLITANA"",""dre_ugel"":""DRE LIMA METROPOLITANA"",""latitud"":-12.2737,""longitud"":-76.86634,""turno"":""Mañana-Noche"",""estado_codigo"":""1"",""estado"":""Activo"",""fecha_actualizacion_fuente"":""13-08-2026"",""modalidad"":""SUPERIOR""}",true,2026
1722420,804061,TECNOLOGIC CENTER,Privada,VILLA EL SALVADOR,MZ O LOTE 1,"{""director"":null,""telefono"":null,""email"":null,""pagweb"":null,""dependencia"":""Particular"",""nivel_modalidad"":""Instituto Superior Tecnológico"",""region"":""DRE LIMA METROPOLITANA"",""dre_ugel"":""DRE LIMA METROPOLITANA"",""latitud"":-12.21448,""longitud"":-76.93809,""turno"":""Mañana-Noche"",""estado_codigo"":""1"",""estado"":""Activo"",""fecha_actualizacion_fuente"":""13-08-2026"",""modalidad"":""SUPERIOR""}",true,2026
1723097,805008,JORGE BASADRE GROMAN,Privada,SAN MARTIN DE PORRES,AVENIDA PERU 2505,"{""director"":null,""telefono"":null,""email"":null,""pagweb"":null,""dependencia"":""Particular"",""nivel_modalidad"":""Instituto Superior Tecnológico"",""region"":""DRE LIMA METROPOLITANA"",""dre_ugel"":""DRE LIMA METROPOLITANA"",""latitud"":-12.03204,""longitud"":-77.07306,""turno"":""Mañana-Tarde"",""estado_codigo"":""1"",""estado"":""Activo"",""fecha_actualizacion_fuente"":""13-08-2026"",""modalidad"":""SUPERIOR""}",true,2026
1727437,682286,JOSE CARLOS MARIATEGUI,Privada,COMAS,AVENIDA EL RETABLO 1233,"{""director"":""CHIRINOS PONCE RAUL ALBERTO"",""telefono"":""5570551"",""email"":null,""pagweb"":null,""dependencia"":""Particular"",""nivel_modalidad"":""Instituto Superior Tecnológico"",""region"":""DRE LIMA METROPOLITANA"",""dre_ugel"":""DRE LIMA METROPOLITANA"",""latitud"":-11.92636,""longitud"":-77.05503,""turno"":""Noche"",""estado_codigo"":""1"",""estado"":""Activo"",""fecha_actualizacion_fuente"":""13-08-2026"",""modalidad"":""SUPERIOR""}",true,2026
1731595,809544,FISIOTUR,Privada,SAN MARTIN DE PORRES,AVENIDA 12 DE OCTUBRE MZ E LOTE 01-02 ETAPA II,"{""director"":""MENDOZA MINCHAN HOUSTON WILY"",""telefono"":null,""email"":null,""pagweb"":null,""dependencia"":""Particular"",""nivel_modalidad"":""Instituto Superior Tecnológico"",""region"":""DRE LIMA METROPOLITANA"",""dre_ugel"":""DRE LIMA METROPOLITANA"",""latitud"":-12.029867,""longitud"":-77.05831,""turno"":""Noche"",""estado_codigo"":""1"",""estado"":""Activo"",""fecha_actualizacion_fuente"":""13-08-2026"",""modalidad"":""SUPERIOR""}",true,2026
1733229,811028,ESCUELA DE EDUCACION SUPERIOR TECNICO PROFESIONAL PNP PUENTE PIEDRA,Pública de gestión directa,PUENTE PIEDRA,CARRETERA PANAMERICANA NORTE KM. 26.5,"{""director"":null,""telefono"":null,""email"":null,""pagweb"":null,""dependencia"":""Otro sector público (FF.AA.)"",""nivel_modalidad"":""Instituto Superior Tecnológico"",""region"":""DRE LIMA METROPOLITANA"",""dre_ugel"":""DRE LIMA METROPOLITANA"",""latitud"":-11.89589,""longitud"":-77.06825,""turno"":""Mañana-Tarde-Noche"",""estado_codigo"":""1"",""estado"":""Activo"",""fecha_actualizacion_fuente"":""13-08-2026"",""modalidad"":""SUPERIOR""}",true,2026
1733237,811033,ESCUELA DE EDUCACION SUPERIOR TECNICO PROFESIONAL PNP SAN BARTOLO,Pública de gestión directa,SAN BARTOLO,AVENIDA EL GOLF S/N,"{""director"":null,""telefono"":null,""email"":null,""pagweb"":null,""dependencia"":""Otro sector público (FF.AA.)"",""nivel_modalidad"":""Instituto Superior Tecnológico"",""region"":""DRE LIMA METROPOLITANA"",""dre_ugel"":""DRE LIMA METROPOLITANA"",""latitud"":-12.38656,""longitud"":-76.77783,""turno"":""Mañana-Tarde-Noche"",""estado_codigo"":""1"",""estado"":""Activo"",""fecha_actualizacion_fuente"":""13-08-2026"",""modalidad"":""SUPERIOR""}",true,2026
1735224,813193,ICJ GESTION PUBLICA Y EMPRESARIAL,Privada,SAN ISIDRO,CALLE RICARDO ANGULO RAMIREZ 269,"{""director"":null,""telefono"":null,""email"":null,""pagweb"":null,""dependencia"":""Particular"",""nivel_modalidad"":""Instituto Superior Tecnológico"",""region"":""DRE LIMA METROPOLITANA"",""dre_ugel"":""DRE LIMA METROPOLITANA"",""latitud"":-12.09076,""longitud"":-77.01651,""turno"":""Mañana-Noche"",""estado_codigo"":""1"",""estado"":""Activo"",""fecha_actualizacion_fuente"":""13-08-2026"",""modalidad"":""SUPERIOR""}",true,2026
1735257,813225,INLOG,Privada,SURQUILLO,AVENIDA PASEO DE LA REPUBLICA 5039 - 5045,"{""director"":""REA SCHREIER PAMELA ZDENKA"",""telefono"":null,""email"":null,""pagweb"":null,""dependencia"":""Particular"",""nivel_modalidad"":""Instituto Superior Tecnológico"",""region"":""DRE LIMA METROPOLITANA"",""dre_ugel"":""DRE LIMA METROPOLITANA"",""latitud"":-12.11553,""longitud"":-77.02576,""turno"":""Mañana-Tarde"",""estado_codigo"":""1"",""estado"":""Activo"",""fecha_actualizacion_fuente"":""13-08-2026"",""modalidad"":""SUPERIOR""}",true,2026
1738582,814036,INGENIO LEARNING,Privada,SAN BORJA,AVENIDA JOSE GALVEZ BARRENECHEA 641 MZ 19 LOTE B-23,"{""director"":""GOMEZ SANCHEZ KARINA DEL CARMEN"",""telefono"":null,""email"":null,""pagweb"":null,""dependencia"":""Particular"",""nivel_modalidad"":""Instituto Superior Tecnológico"",""region"":""DRE LIMA METROPOLITANA"",""dre_ugel"":""DRE LIMA METROPOLITANA"",""latitud"":-12.09775,""longitud"":-77.01277,""turno"":""Mañana-Noche"",""estado_codigo"":""1"",""estado"":""Activo"",""fecha_actualizacion_fuente"":""13-08-2026"",""modalidad"":""SUPERIOR""}",true,2026
1752948,826379,ITL - INSTITUTO TECNOLOGICO DE LIMA SUR,Privada,JESUS MARIA,AVENIDA GENERAL SANTA CRUZ 708,"{""director"":""GRANADOS HUAMAN KATERINE MELANY"",""telefono"":null,""email"":null,""pagweb"":null,""dependencia"":""Particular"",""nivel_modalidad"":""Instituto Superior Tecnológico"",""region"":""DRE LIMA METROPOLITANA"",""dre_ugel"":""DRE LIMA METROPOLITANA"",""latitud"":-12.07282,""longitud"":-77.04331,""turno"":""Mañana-Tarde-Noche"",""estado_codigo"":""1"",""estado"":""Activo"",""fecha_actualizacion_fuente"":""13-08-2026"",""modalidad"":""SUPERIOR""}",true,2026
1778026,303808,ANSIMAR,Privada,COMAS,PASAJE MOQUEGUA 203,"{""director"":""ASTUPIÑA CRISTOBAL TANNER JULIO"",""telefono"":null,""email"":null,""pagweb"":null,""dependencia"":""Particular"",""nivel_modalidad"":""Instituto Superior Tecnológico"",""region"":""DRE LIMA METROPOLITANA"",""dre_ugel"":""DRE LIMA METROPOLITANA"",""latitud"":-11.879542,""longitud"":-77.032079,""turno"":""Tarde-Noche"",""estado_codigo"":""1"",""estado"":""Activo"",""fecha_actualizacion_fuente"":""13-08-2026"",""modalidad"":""SUPERIOR""}",true,2026
1779867,847999,ZEGEL,Privada,SAN JUAN DE LURIGANCHO,CALLE 17 S/N MZ K LOTE 2,"{""director"":""ZAKIMI MIYASATO BEATRIZ"",""telefono"":""4611861"",""email"":null,""pagweb"":null,""dependencia"":""Particular"",""nivel_modalidad"":""Escuela Superior Tecnológica"",""region"":""DRE LIMA METROPOLITANA"",""dre_ugel"":""DRE LIMA METROPOLITANA"",""latitud"":-12.01782,""longitud"":-77.00317,""turno"":""Mañana"",""estado_codigo"":""1"",""estado"":""Activo"",""fecha_actualizacion_fuente"":""13-08-2026"",""modalidad"":""SUPERIOR""}",true,2026
1782424,840993,TOULOUSE LAUTREC,Privada,SANTIAGO DE SURCO,AVENIDA PRIMAVERA 970,"{""director"":""RODRIGUEZ SAN ROMAN CARLOS MANUEL"",""telefono"":""6172436"",""email"":null,""pagweb"":""www.toulouse.edu"",""dependencia"":""Particular"",""nivel_modalidad"":""Escuela Superior Tecnológica"",""region"":""DRE LIMA METROPOLITANA"",""dre_ugel"":""DRE LIMA METROPOLITANA"",""latitud"":-12.110727,""longitud"":-76.982363,""turno"":""Mañana"",""estado_codigo"":""1"",""estado"":""Activo"",""fecha_actualizacion_fuente"":""13-08-2026"",""modalidad"":""SUPERIOR""}",true,2026
1784057,681809,SAN IGNACIO DE LOYOLA - ESCUELA ISIL,Privada,LA MOLINA,CALLE LA FONTANA 955,"{""director"":""TAFUR ESPINOZA SERGIO FRANCISCO"",""telefono"":""7064711 - 3491538"",""email"":null,""pagweb"":""www.isil.edu.pe"",""dependencia"":""Particular"",""nivel_modalidad"":""Escuela Superior Tecnológica"",""region"":""DRE LIMA METROPOLITANA"",""dre_ugel"":""DRE LIMA METROPOLITANA"",""latitud"":-12.07339,""longitud"":-76.94865,""turno"":""Mañana-Noche"",""estado_codigo"":""1"",""estado"":""Activo"",""fecha_actualizacion_fuente"":""13-08-2026"",""modalidad"":""SUPERIOR""}",true,2026
1789643,681338,CENTRO DE LA IMAGEN,Privada,MIRAFLORES,AVENIDA 28 DE JULIO 815,"{""director"":""ZAKIMI MIYASATO BEATRIZ"",""telefono"":null,""email"":null,""pagweb"":null,""dependencia"":""Particular"",""nivel_modalidad"":""Escuela Superior Tecnológica"",""region"":""DRE LIMA METROPOLITANA"",""dre_ugel"":""DRE LIMA METROPOLITANA"",""latitud"":-12.12836,""longitud"":-77.02561,""turno"":""Mañana-Tarde-Noche"",""estado_codigo"":""1"",""estado"":""Activo"",""fecha_actualizacion_fuente"":""13-08-2026"",""modalidad"":""SUPERIOR""}",true,2026
1798628,290518,CIBERTEC,Privada,LIMA,AVENIDA URUGUAY 514,"{""director"":""TAMASHIRO TAMASHIRO JAIME"",""telefono"":""4238215 - 4245809 - 4115888"",""email"":null,""pagweb"":null,""dependencia"":""Particular"",""nivel_modalidad"":""Escuela Superior Tecnológica"",""region"":""DRE LIMA METROPOLITANA"",""dre_ugel"":""DRE LIMA METROPOLITANA"",""latitud"":-12.05427,""longitud"":-77.04099,""turno"":""Mañana-Tarde-Noche"",""estado_codigo"":""1"",""estado"":""Activo"",""fecha_actualizacion_fuente"":""13-08-2026"",""modalidad"":""SUPERIOR""}",true,2026
1799675,863828,ISCEMP,Privada,SAN JUAN DE MIRAFLORES,AVENIDA DE LOS HEROES 1112,"{""director"":""QUISPE CORPUNA MARCELINA BEATRIZ"",""telefono"":null,""email"":null,""pagweb"":null,""dependencia"":""Particular"",""nivel_modalidad"":""Instituto Superior Tecnológico"",""region"":""DRE LIMA METROPOLITANA"",""dre_ugel"":""DRE LIMA METROPOLITANA"",""latitud"":-12.158814,""longitud"":-76.960936,""turno"":""Mañana-Noche"",""estado_codigo"":""1"",""estado"":""Activo"",""fecha_actualizacion_fuente"":""13-08-2026"",""modalidad"":""SUPERIOR""}",true,2026
1799832,841172,CERTUS,Privada,SAN JUAN DE LURIGANCHO,AVENIDA PIRAMINES DEL SOL 810,"{""director"":""RODRIGUEZ SAN ROMAN CARLOS MANUEL"",""telefono"":""2020901"",""email"":null,""pagweb"":""www.certus.edu.pe"",""dependencia"":""Particular"",""nivel_modalidad"":""Escuela Superior Tecnológica"",""region"":""DRE LIMA METROPOLITANA"",""dre_ugel"":""DRE LIMA METROPOLITANA"",""latitud"":-12.02962,""longitud"":-77.009968,""turno"":""Mañana-Noche"",""estado_codigo"":""1"",""estado"":""Activo"",""fecha_actualizacion_fuente"":""13-08-2026"",""modalidad"":""SUPERIOR""}",true,2026
1800895,864615,ELITEC,Privada,MAGDALENA DEL MAR,JIRON FLORA TRISTAN 310,"{""director"":""CARDENAS OLAYA JULIO CESAR"",""telefono"":""224748"",""email"":null,""pagweb"":""www.grupoesade.com"",""dependencia"":""Particular"",""nivel_modalidad"":""Instituto Superior Tecnológico"",""region"":""DRE LIMA METROPOLITANA"",""dre_ugel"":""DRE LIMA METROPOLITANA"",""latitud"":-12.09424,""longitud"":-77.062205,""turno"":""Mañana-Tarde-Noche"",""estado_codigo"":""1"",""estado"":""Activo"",""fecha_actualizacion_fuente"":""13-08-2026"",""modalidad"":""SUPERIOR""}",true,2026
1800903,864535,ECOTUR,Privada,LOS OLIVOS,AVENIDA ALFREDO MENDIOLA 6315-B,"{""director"":""FLORES PALACIOS CARLOS ALBERTO"",""telefono"":null,""email"":null,""pagweb"":null,""dependencia"":""Particular"",""nivel_modalidad"":""Instituto Superior Tecnológico"",""region"":""DRE LIMA METROPOLITANA"",""dre_ugel"":""DRE LIMA METROPOLITANA"",""latitud"":-11.95456,""longitud"":-77.06992,""turno"":""Mañana-Noche"",""estado_codigo"":""1"",""estado"":""Activo"",""fecha_actualizacion_fuente"":""13-08-2026"",""modalidad"":""SUPERIOR""}",true,2026
1800986,864823,SAN AGUSTIN - ISAT,Privada,LINCE,AVENIDA PASEO DE LA REPUBLICA 2582 - 2592,"{""director"":""MELGAR SHEEN FRIDA ELENA"",""telefono"":null,""email"":null,""pagweb"":null,""dependencia"":""Particular"",""nivel_modalidad"":""Instituto Superior Tecnológico"",""region"":""DRE LIMA METROPOLITANA"",""dre_ugel"":""DRE LIMA METROPOLITANA"",""latitud"":-12.0884,""longitud"":-77.0246,""turno"":""Mañana"",""estado_codigo"":""1"",""estado"":""Activo"",""fecha_actualizacion_fuente"":""13-08-2026"",""modalidad"":""SUPERIOR""}",true,2026
1801117,840832,IDAT,Privada,SAN JUAN DE MIRAFLORES,AVENIDA PEDRO MIOTTA 950-956,"{""director"":""ZAKIMI MIYASATO BEATRIZ"",""telefono"":""4336635"",""email"":null,""pagweb"":""www.idat.com.pe"",""dependencia"":""Particular"",""nivel_modalidad"":""Escuela Superior Tecnológica"",""region"":""DRE LIMA METROPOLITANA"",""dre_ugel"":""DRE LIMA METROPOLITANA"",""latitud"":-12.16276,""longitud"":-76.963415,""turno"":""Mañana-Tarde-Noche"",""estado_codigo"":""1"",""estado"":""Activo"",""fecha_actualizacion_fuente"":""13-08-2026"",""modalidad"":""SUPERIOR""}",true,2026
1801125,861527,CORRIENTE ALTERNA,Privada,LA VICTORIA,AVENIDA REPUBLICA DE PANAMA 2557 MZ U LOTE 21-24,"{""director"":""ZAKIMI MIYASATO BEATRIZ"",""telefono"":null,""email"":null,""pagweb"":null,""dependencia"":""Particular"",""nivel_modalidad"":""Escuela Superior Tecnológica"",""region"":""DRE LIMA METROPOLITANA"",""dre_ugel"":""DRE LIMA METROPOLITANA"",""latitud"":-12.08899,""longitud"":-77.02332,""turno"":""Mañana-Tarde-Noche"",""estado_codigo"":""1"",""estado"":""Activo"",""fecha_actualizacion_fuente"":""13-08-2026"",""modalidad"":""SUPERIOR""}",true,2026
1801133,865101,DANIEL ALCIDES CARRION,Privada,JESUS MARIA,AVENIDA REPUBLICA DE CHILE 376-380-384-388,"{""director"":""RAFFO IBARRA GUILLERMO ALEJANDRO"",""telefono"":""4708882 - 4339119"",""email"":null,""pagweb"":""www.acarrion.edu.pe"",""dependencia"":""Particular"",""nivel_modalidad"":""Escuela Superior Tecnológica"",""region"":""DRE LIMA METROPOLITANA"",""dre_ugel"":""DRE LIMA METROPOLITANA"",""latitud"":-12.076734,""longitud"":-77.043904,""turno"":""Mañana-Tarde-Noche"",""estado_codigo"":""1"",""estado"":""Activo"",""fecha_actualizacion_fuente"":""13-08-2026"",""modalidad"":""SUPERIOR""}",true,2026
1801158,865200,PERUANO DE TURISMO Y FINANZAS,Privada,LOS OLIVOS,MZ G LOTE 14,"{""director"":""CHIRIHUANA TORRES MAGALY"",""telefono"":null,""email"":null,""pagweb"":""www.ipt.edu.pe"",""dependencia"":""Particular"",""nivel_modalidad"":""Instituto Superior Tecnológico"",""region"":""DRE LIMA METROPOLITANA"",""dre_ugel"":""DRE LIMA METROPOLITANA"",""latitud"":-11.991662,""longitud"":-77.070904,""turno"":""Mañana-Tarde"",""estado_codigo"":""1"",""estado"":""Activo"",""fecha_actualizacion_fuente"":""13-08-2026"",""modalidad"":""SUPERIOR""}",true,2026
1801166,865219,INLOG,Privada,SURQUILLO,JIRON MONTERREY 373,"{""director"":""REA SCHREIER PAMELA ZDENKA"",""telefono"":null,""email"":null,""pagweb"":null,""dependencia"":""Particular"",""nivel_modalidad"":""Instituto Superior Tecnológico"",""region"":""DRE LIMA METROPOLITANA"",""dre_ugel"":""DRE LIMA METROPOLITANA"",""latitud"":-12.117202,""longitud"":-77.020622,""turno"":""Mañana-Tarde"",""estado_codigo"":""1"",""estado"":""Activo"",""fecha_actualizacion_fuente"":""13-08-2026"",""modalidad"":""SUPERIOR""}",true,2026
1801174,865238,ITAE,Privada,PUENTE PIEDRA,AVENIDA PUENTE PIEDRA 788,"{""director"":""HUAYNALAYA ROJAS ODIN CIRO"",""telefono"":null,""email"":null,""pagweb"":""www.itae.edu.pe"",""dependencia"":""Particular"",""nivel_modalidad"":""Instituto Superior Tecnológico"",""region"":""DRE LIMA METROPOLITANA"",""dre_ugel"":""DRE LIMA METROPOLITANA"",""latitud"":-11.861481,""longitud"":-77.079,""turno"":""Mañana-Noche"",""estado_codigo"":""1"",""estado"":""Activo"",""fecha_actualizacion_fuente"":""13-08-2026"",""modalidad"":""SUPERIOR""}",true,2026
1801299,322779,ALEXANDER VON HUMBOLDT,Privada,SANTIAGO DE SURCO,AVENIDA ALFREDO BENAVIDES 3572,"{""director"":null,""telefono"":""6179090 - 4487000"",""email"":null,""pagweb"":null,""dependencia"":""Particular"",""nivel_modalidad"":""Instituto Superior Tecnológico"",""region"":""DRE LIMA METROPOLITANA"",""dre_ugel"":""DRE LIMA METROPOLITANA"",""latitud"":-12.129,""longitud"":-76.99935,""turno"":""Mañana"",""estado_codigo"":""1"",""estado"":""Activo"",""fecha_actualizacion_fuente"":""13-08-2026"",""modalidad"":""SUPERIOR""}",true,2026
1801323,856390,PAUL MULLER,Privada,LIMA,AVENIDA GUZMAN BLANCO 309,"{""director"":""MIRANDA ROMERO MARCO ANTONIO"",""telefono"":""4231408"",""email"":null,""pagweb"":null,""dependencia"":""Particular"",""nivel_modalidad"":""Instituto Superior Tecnológico"",""region"":""DRE LIMA METROPOLITANA"",""dre_ugel"":""DRE LIMA METROPOLITANA"",""latitud"":-12.06229,""longitud"":-77.04035,""turno"":""Mañana-Noche"",""estado_codigo"":""1"",""estado"":""Activo"",""fecha_actualizacion_fuente"":""13-08-2026"",""modalidad"":""SUPERIOR""}",true,2026
1801349,865422,INSTITUTO PERUANO DE PUBLICIDAD,Privada,MIRAFLORES,CALLE ATAHUALPA 374 - 390,"{""director"":""RODRIGUEZ RENGIFO GABRIEL ERNESTO"",""telefono"":""4216567"",""email"":null,""pagweb"":null,""dependencia"":""Particular"",""nivel_modalidad"":""Instituto Superior Tecnológico"",""region"":""DRE LIMA METROPOLITANA"",""dre_ugel"":""DRE LIMA METROPOLITANA"",""latitud"":-12.116052,""longitud"":-77.030566,""turno"":""Mañana-Noche"",""estado_codigo"":""1"",""estado"":""Activo"",""fecha_actualizacion_fuente"":""13-08-2026"",""modalidad"":""SUPERIOR""}",true,2026
1801422,865587,ISAM,Privada,SAN JUAN DE LURIGANCHO,AVENIDA PROCERES DE LA INDEPENDENCIA 2948,"{""director"":""MENDOZA LACMA JENNY DINA"",""telefono"":null,""email"":null,""pagweb"":null,""dependencia"":""Particular"",""nivel_modalidad"":""Escuela Superior Tecnológica"",""region"":""DRE LIMA METROPOLITANA"",""dre_ugel"":""DRE LIMA METROPOLITANA"",""latitud"":-12.02962,""longitud"":-77.009968,""turno"":""Mañana-Tarde-Noche"",""estado_codigo"":""1"",""estado"":""Activo"",""fecha_actualizacion_fuente"":""13-08-2026"",""modalidad"":""SUPERIOR""}",true,2026
1801539,865733,ADEX,Privada,SAN BORJA,AVENIDA JAVIER PRADO 2875,"{""director"":""SOTO RIVERA COLBERT MARTIN CARLOS"",""telefono"":""4363487"",""email"":null,""pagweb"":null,""dependencia"":""Particular"",""nivel_modalidad"":""Escuela Superior Tecnológica"",""region"":""DRE LIMA METROPOLITANA"",""dre_ugel"":""DRE LIMA METROPOLITANA"",""latitud"":-12.086498,""longitud"":-76.997815,""turno"":""Mañana-Tarde-Noche"",""estado_codigo"":""1"",""estado"":""Activo"",""fecha_actualizacion_fuente"":""13-08-2026"",""modalidad"":""SUPERIOR""}",true,2026
1801661,681550,DE TECNICAS AGROPECUARIAS - INTAP,Privada,LURIN,CALLE LOS EUCALIPTOS 341 MZ L LOTE 13,"{""director"":""CUENCA VELASQUEZ JORGE NAPOLEON"",""telefono"":""4300077 - 4300133"",""email"":null,""pagweb"":null,""dependencia"":""Particular"",""nivel_modalidad"":""Instituto Superior Tecnológico"",""region"":""DRE LIMA METROPOLITANA"",""dre_ugel"":""DRE LIMA METROPOLITANA"",""latitud"":-12.24918,""longitud"":-76.88647,""turno"":""Mañana-Tarde-Noche"",""estado_codigo"":""1"",""estado"":""Activo"",""fecha_actualizacion_fuente"":""13-08-2026"",""modalidad"":""SUPERIOR""}",true,2026
1801810,866105,CHARLES CHAPLIN,Privada,SAN BORJA,AVENIDA JAVIER PRADO 2950,"{""director"":""BACON TERRONES RICHAR ELI"",""telefono"":""4403341"",""email"":null,""pagweb"":""www.charleschaplin.edu.pe"",""dependencia"":""Particular"",""nivel_modalidad"":""Instituto Superior Tecnológico"",""region"":""DRE LIMA METROPOLITANA"",""dre_ugel"":""DRE LIMA METROPOLITANA"",""latitud"":-12.107007,""longitud"":-76.999068,""turno"":""Mañana-Noche"",""estado_codigo"":""1"",""estado"":""Activo"",""fecha_actualizacion_fuente"":""13-08-2026"",""modalidad"":""SUPERIOR""}",true,2026
1801828,839659,PERUANO DE SISTEMAS SISE,Privada,LIMA,AVENIDA AREQUIPA 1290,"{""director"":null,""telefono"":""4447279"",""email"":null,""pagweb"":""www.sise.edu.pe"",""dependencia"":""Particular"",""nivel_modalidad"":""Escuela Superior Tecnológica"",""region"":""DRE LIMA METROPOLITANA"",""dre_ugel"":""DRE LIMA METROPOLITANA"",""latitud"":-12.07687,""longitud"":-77.03542,""turno"":""Mañana-Noche"",""estado_codigo"":""1"",""estado"":""Activo"",""fecha_actualizacion_fuente"":""13-08-2026"",""modalidad"":""SUPERIOR""}",true,2026
1801836,866148,PERUANO DE MARKETING,Privada,MIRAFLORES,AVENIDA PASEO DE LA REPUBLICA Y JOSE GABRIEL CHARRIASE 215 6089-6099,"{""director"":""PIAZZE GARNICA GUSTAVO JAVIER"",""telefono"":""4470074"",""email"":null,""pagweb"":null,""dependencia"":""Particular"",""nivel_modalidad"":""Instituto Superior Tecnológico"",""region"":""DRE LIMA METROPOLITANA"",""dre_ugel"":""DRE LIMA METROPOLITANA"",""latitud"":-12.121701,""longitud"":-77.029137,""turno"":""Mañana-Noche"",""estado_codigo"":""1"",""estado"":""Activo"",""fecha_actualizacion_fuente"":""13-08-2026"",""modalidad"":""SUPERIOR""}",true,2026
1801877,848201,CENTRO DE ALTOS ESTUDIOS DE LA MODA - CEAM,Privada,MIRAFLORES,AVENIDA ALFREDO BENAVIDES 750,"{""director"":""PEREZ PEREZ ANDRES"",""telefono"":""4221461"",""email"":null,""pagweb"":""www.ceam.edu.pe"",""dependencia"":""Particular"",""nivel_modalidad"":""Instituto Superior Tecnológico"",""region"":""DRE LIMA METROPOLITANA"",""dre_ugel"":""DRE LIMA METROPOLITANA"",""latitud"":-12.1252,""longitud"":-77.02531,""turno"":""Mañana"",""estado_codigo"":""1"",""estado"":""Activo"",""fecha_actualizacion_fuente"":""13-08-2026"",""modalidad"":""SUPERIOR""}",true,2026
1801893,866214,FREDERICK WINSLOW TAYLOR,Privada,LURIGANCHO,JIRON CHOTA 915,"{""director"":""ROJAS HILARIO EXALTO CELSO"",""telefono"":""4239814"",""email"":null,""pagweb"":null,""dependencia"":""Particular"",""nivel_modalidad"":""Instituto Superior Tecnológico"",""region"":""DRE LIMA METROPOLITANA"",""dre_ugel"":""DRE LIMA METROPOLITANA"",""latitud"":-12.04592,""longitud"":-77.030496,""turno"":""Mañana-Noche"",""estado_codigo"":""1"",""estado"":""Activo"",""fecha_actualizacion_fuente"":""13-08-2026"",""modalidad"":""SUPERIOR""}",true,2026
1802040,866290,ESCUELA DE EDUCACION SUPERIOR TECNOLOGICA DEL SENATI,Privada,INDEPENDENCIA,AVENIDA INDUSTRIAL 3365,"{""director"":""BARRANTES RAMIREZ ESTHER JACQUELINE"",""telefono"":""4819425"",""email"":null,""pagweb"":null,""dependencia"":""Particular"",""nivel_modalidad"":""Escuela Superior Tecnológica"",""region"":""DRE LIMA METROPOLITANA"",""dre_ugel"":""DRE LIMA METROPOLITANA"",""latitud"":-11.99799,""longitud"":-77.05858,""turno"":""Mañana-Tarde-Noche"",""estado_codigo"":""1"",""estado"":""Activo"",""fecha_actualizacion_fuente"":""13-08-2026"",""modalidad"":""SUPERIOR""}",true,2026
0702571,856615,INSTITUTO TECNICO DE ADMINISTRACION DE EMPRESAS - ITAE,Privada,ATE,AVENIDA NICOLAS AYLLON 5351,"{""director"":null,""telefono"":""5337991"",""email"":null,""pagweb"":""www.itae.edu.pe"",""dependencia"":""Particular"",""nivel_modalidad"":""Instituto Superior Tecnológico"",""region"":""DRE LIMA METROPOLITANA"",""dre_ugel"":""DRE LIMA METROPOLITANA"",""latitud"":-12.025933,""longitud"":-76.918729,""turno"":""Mañana-Noche"",""estado_codigo"":""1"",""estado"":""Activo"",""fecha_actualizacion_fuente"":""13-08-2026"",""modalidad"":""SUPERIOR""}",true,2026
1114768,317872,PERUANO DE SISTEMAS SISE,Privada,MIRAFLORES,AVENIDA JOSE LARCO 756,"{""director"":""BAYETTO VASQUEZ MIRKO LUIS"",""telefono"":""4447279"",""email"":null,""pagweb"":""www.sise.edu.pe"",""dependencia"":""Particular"",""nivel_modalidad"":""Instituto Superior Tecnológico"",""region"":""DRE LIMA METROPOLITANA"",""dre_ugel"":""DRE LIMA METROPOLITANA"",""latitud"":-12.121701,""longitud"":-77.029137,""turno"":""Mañana-Noche"",""estado_codigo"":""1"",""estado"":""Activo"",""fecha_actualizacion_fuente"":""13-08-2026"",""modalidad"":""SUPERIOR""}",true,2026
1114842,841068,TOULOUSE LAUTREC,Privada,SANTIAGO DE SURCO,AVENIDA PRIMAVERA 1016,"{""director"":null,""telefono"":""6172436"",""email"":null,""pagweb"":""www.toulouse.edu"",""dependencia"":""Particular"",""nivel_modalidad"":""Instituto Superior Tecnológico"",""region"":""DRE LIMA METROPOLITANA"",""dre_ugel"":""DRE LIMA METROPOLITANA"",""latitud"":-12.11062,""longitud"":-76.98106,""turno"":""Mañana"",""estado_codigo"":""1"",""estado"":""Activo"",""fecha_actualizacion_fuente"":""13-08-2026"",""modalidad"":""SUPERIOR""}",true,2026
1114842,827604,TOULOUSE LAUTREC,Privada,MAGDALENA DEL MAR,AVENIDA JAVIER PRADO OESTE 980-988,"{""director"":null,""telefono"":""6172436"",""email"":null,""pagweb"":""www.toulouse.edu"",""dependencia"":""Particular"",""nivel_modalidad"":""Instituto Superior Tecnológico"",""region"":""DRE LIMA METROPOLITANA"",""dre_ugel"":""DRE LIMA METROPOLITANA"",""latitud"":-12.093258,""longitud"":-77.041049,""turno"":""Mañana"",""estado_codigo"":""1"",""estado"":""Activo"",""fecha_actualizacion_fuente"":""13-08-2026"",""modalidad"":""SUPERIOR""}",true,2026
1122951,852033,SABIO NACIONAL ANTUNEZ DE MAYOLO,Privada,LINCE,AVENIDA AREQUIPA 1938,"{""director"":null,""telefono"":""4213025 - 4331169"",""email"":null,""pagweb"":""www.telesup.edu.pe"",""dependencia"":""Particular"",""nivel_modalidad"":""Instituto Superior Tecnológico"",""region"":""DRE LIMA METROPOLITANA"",""dre_ugel"":""DRE LIMA METROPOLITANA"",""latitud"":-12.084115,""longitud"":-77.034666,""turno"":""Mañana"",""estado_codigo"":""1"",""estado"":""Activo"",""fecha_actualizacion_fuente"":""13-08-2026"",""modalidad"":""SUPERIOR""}",true,2026
1123033,852014,ELMER FAUCETT,Privada,SAN MARTIN DE PORRES,JIRON TUMBES 3841-3851,"{""director"":null,""telefono"":""4627107"",""email"":null,""pagweb"":null,""dependencia"":""Particular"",""nivel_modalidad"":""Instituto Superior Tecnológico"",""region"":""DRE LIMA METROPOLITANA"",""dre_ugel"":""DRE LIMA METROPOLITANA"",""latitud"":-12.029867,""longitud"":-77.05831,""turno"":""Mañana-Noche"",""estado_codigo"":""1"",""estado"":""Activo"",""fecha_actualizacion_fuente"":""13-08-2026"",""modalidad"":""SUPERIOR""}",true,2026
1123157,846853,INSTITUTO PERUANO DE ARTE Y DISEÑO,Privada,MIRAFLORES,AVENIDA ALFREDO BENAVIDES 735-745,"{""director"":null,""telefono"":""2557004"",""email"":null,""pagweb"":""www.ipad.edu.pe"",""dependencia"":""Particular"",""nivel_modalidad"":""Instituto Superior Tecnológico"",""region"":""DRE LIMA METROPOLITANA"",""dre_ugel"":""DRE LIMA METROPOLITANA"",""latitud"":-12.12459,""longitud"":-77.02822,""turno"":""Mañana-Tarde-Noche"",""estado_codigo"":""1"",""estado"":""Activo"",""fecha_actualizacion_fuente"":""13-08-2026"",""modalidad"":""SUPERIOR""}",true,2026
1249234,866431,DE INVESTIGACION SOCIOECONOMICO LATINOAMERICANO - INTUR PERU,Privada,LURIGANCHO,CALLE LOS CEDRO S/N MZ C LOTE 17,"{""director"":null,""telefono"":""3327228"",""email"":null,""pagweb"":null,""dependencia"":""Particular"",""nivel_modalidad"":""Instituto Superior Tecnológico"",""region"":""DRE LIMA METROPOLITANA"",""dre_ugel"":""DRE LIMA METROPOLITANA"",""latitud"":-12.014095,""longitud"":-76.94242,""turno"":""Noche"",""estado_codigo"":""1"",""estado"":""Activo"",""fecha_actualizacion_fuente"":""13-08-2026"",""modalidad"":""SUPERIOR""}",true,2026
1468354,865460,ALTA COCINA D'GALLIA,Privada,LOS OLIVOS,AVENIDA CENTRAL S/N MZ 2M LOTE 10 ETAPA II,"{""director"":""MENDOZA CONTRERAS PEDRO DANIEL"",""telefono"":""2610808"",""email"":null,""pagweb"":""www.dgallia.edu.pe"",""dependencia"":""Particular"",""nivel_modalidad"":""Instituto Superior Tecnológico"",""region"":""DRE LIMA METROPOLITANA"",""dre_ugel"":""DRE LIMA METROPOLITANA"",""latitud"":-11.958955,""longitud"":-77.070135,""turno"":""Mañana-Noche"",""estado_codigo"":""1"",""estado"":""Activo"",""fecha_actualizacion_fuente"":""13-08-2026"",""modalidad"":""SUPERIOR""}",true,2026
1669324,866172,NAVAL - CITEN,Pública de gestión directa,ANCON,CARRETERA PANAMERICANA NORTE KM 40.5,"{""director"":null,""telefono"":null,""email"":null,""pagweb"":null,""dependencia"":""Otro sector público (FF.AA.)"",""nivel_modalidad"":""Instituto Superior Tecnológico"",""region"":""DRE LIMA METROPOLITANA"",""dre_ugel"":""DRE LIMA METROPOLITANA"",""latitud"":-11.773689,""longitud"":-77.175141,""turno"":""Mañana-Tarde-Noche"",""estado_codigo"":""1"",""estado"":""Activo"",""fecha_actualizacion_fuente"":""13-08-2026"",""modalidad"":""SUPERIOR""}",true,2026
1703644,841110,CETEMIN,Privada,LURIGANCHO,CARRETERA CENTRAL KM. 29,"{""director"":null,""telefono"":null,""email"":null,""pagweb"":null,""dependencia"":""Particular"",""nivel_modalidad"":""Instituto Superior Tecnológico"",""region"":""DRE LIMA METROPOLITANA"",""dre_ugel"":""DRE LIMA METROPOLITANA"",""latitud"":-11.936429,""longitud"":-76.696706,""turno"":""Mañana-Tarde-Noche"",""estado_codigo"":""1"",""estado"":""Activo"",""fecha_actualizacion_fuente"":""13-08-2026"",""modalidad"":""SUPERIOR""}",true,2026
1784057,839862,SAN IGNACIO DE LOYOLA - ESCUELA ISIL,Privada,SAN ISIDRO,AVENIDA SALAVERRY 2611-2625,"{""director"":null,""telefono"":""7064711 - 3491538"",""email"":null,""pagweb"":""www.isil.edu.pe"",""dependencia"":""Particular"",""nivel_modalidad"":""Escuela Superior Tecnológica"",""region"":""DRE LIMA METROPOLITANA"",""dre_ugel"":""DRE LIMA METROPOLITANA"",""latitud"":-12.093517,""longitud"":-77.053201,""turno"":""Mañana-Noche"",""estado_codigo"":""1"",""estado"":""Activo"",""fecha_actualizacion_fuente"":""13-08-2026"",""modalidad"":""SUPERIOR""}",true,2026
1784057,839857,SAN IGNACIO DE LOYOLA - ESCUELA ISIL,Privada,MIRAFLORES,AVENIDA BENAVIDES 778-786,"{""director"":null,""telefono"":""7064711 - 3491538"",""email"":null,""pagweb"":""www.isil.edu.pe"",""dependencia"":""Particular"",""nivel_modalidad"":""Escuela Superior Tecnológica"",""region"":""DRE LIMA METROPOLITANA"",""dre_ugel"":""DRE LIMA METROPOLITANA"",""latitud"":-12.125294,""longitud"":-77.024827,""turno"":""Mañana-Noche"",""estado_codigo"":""1"",""estado"":""Activo"",""fecha_actualizacion_fuente"":""13-08-2026"",""modalidad"":""SUPERIOR""}",true,2026
1801174,865257,ITAE,Privada,LOS OLIVOS,AVENIDA ALFREDO MENDIOLA 3583,"{""director"":null,""telefono"":null,""email"":null,""pagweb"":""www.itae.edu.pe"",""dependencia"":""Particular"",""nivel_modalidad"":""Instituto Superior Tecnológico"",""region"":""DRE LIMA METROPOLITANA"",""dre_ugel"":""DRE LIMA METROPOLITANA"",""latitud"":-11.993091,""longitud"":-77.064131,""turno"":""Mañana-Noche"",""estado_codigo"":""1"",""estado"":""Activo"",""fecha_actualizacion_fuente"":""13-08-2026"",""modalidad"":""SUPERIOR""}",true,2026
1801174,866445,ITAE,Privada,BARRANCA,JIRON LIMA 635,"{""director"":null,""telefono"":null,""email"":null,""pagweb"":""www.itae.edu.pe"",""dependencia"":""Particular"",""nivel_modalidad"":""Instituto Superior Tecnológico"",""region"":""DRE LIMA METROPOLITANA"",""dre_ugel"":""DRE LIMA METROPOLITANA"",""latitud"":-10.75228,""longitud"":-77.758707,""turno"":""Mañana-Noche"",""estado_codigo"":""1"",""estado"":""Activo"",""fecha_actualizacion_fuente"":""13-08-2026"",""modalidad"":""SUPERIOR""}",true,2026
1801828,839758,PERUANO DE SISTEMAS SISE,Privada,INDEPENDENCIA,AVENIDA INDUSTRIAL 3728 - 3732,"{""director"":null,""telefono"":""4447279"",""email"":null,""pagweb"":""www.sise.edu.pe"",""dependencia"":""Particular"",""nivel_modalidad"":""Escuela Superior Tecnológica"",""region"":""DRE LIMA METROPOLITANA"",""dre_ugel"":""DRE LIMA METROPOLITANA"",""latitud"":-11.997213,""longitud"":-77.054615,""turno"":""Mañana-Noche"",""estado_codigo"":""1"",""estado"":""Activo"",""fecha_actualizacion_fuente"":""13-08-2026"",""modalidad"":""SUPERIOR""}",true,2026
0702365,846848,ZEGEL,Privada,LIMA,AVENIDA AREQUIPA 1098,"{""director"":null,""telefono"":null,""email"":null,""pagweb"":""www.ipae.edu.pe"",""dependencia"":""Particular"",""nivel_modalidad"":""Instituto Superior Tecnológico"",""region"":""DRE LIMA METROPOLITANA"",""dre_ugel"":""DRE LIMA METROPOLITANA"",""latitud"":-12.04592,""longitud"":-77.030496,""turno"":""Mañana-Noche"",""estado_codigo"":""1"",""estado"":""Activo"",""fecha_actualizacion_fuente"":""13-08-2026"",""modalidad"":""SUPERIOR""}",true,2026
0702407,839862,SAN IGNACIO DE LOYOLA S.A. - ISIL,Privada,SAN ISIDRO,AVENIDA SALAVERRY 2611-2625,"{""director"":null,""telefono"":""7064711 - 3491538"",""email"":null,""pagweb"":""www.isil.edu.pe"",""dependencia"":""Particular"",""nivel_modalidad"":""Instituto Superior Tecnológico"",""region"":""DRE LIMA METROPOLITANA"",""dre_ugel"":""DRE LIMA METROPOLITANA"",""latitud"":-12.093517,""longitud"":-77.053201,""turno"":""Mañana-Noche"",""estado_codigo"":""1"",""estado"":""Activo"",""fecha_actualizacion_fuente"":""13-08-2026"",""modalidad"":""SUPERIOR""}",true,2026
0702407,839857,SAN IGNACIO DE LOYOLA S.A. - ISIL,Privada,MIRAFLORES,AVENIDA BENAVIDES 778-786,"{""director"":null,""telefono"":""7064711 - 3491538"",""email"":null,""pagweb"":""www.isil.edu.pe"",""dependencia"":""Particular"",""nivel_modalidad"":""Instituto Superior Tecnológico"",""region"":""DRE LIMA METROPOLITANA"",""dre_ugel"":""DRE LIMA METROPOLITANA"",""latitud"":-12.125294,""longitud"":-77.024827,""turno"":""Mañana-Noche"",""estado_codigo"":""1"",""estado"":""Activo"",""fecha_actualizacion_fuente"":""13-08-2026"",""modalidad"":""SUPERIOR""}",true,2026
1065770,863772,MARIA DE LOS ANGELES CIMA'S,Privada,LIMA,AVENIDA AREQUIPA 1251-1263-1269,"{""director"":""VILLANUEVA CHAVEZ FRANCISCO CELSO"",""telefono"":""3327635"",""email"":null,""pagweb"":""www.cimas.edu.pe"",""dependencia"":""Particular"",""nivel_modalidad"":""Instituto Superior Tecnológico"",""region"":""DRE LIMA METROPOLITANA"",""dre_ugel"":""DRE LIMA METROPOLITANA"",""latitud"":-12.04592,""longitud"":-77.030496,""turno"":""Mañana-Noche"",""estado_codigo"":""1"",""estado"":""Activo"",""fecha_actualizacion_fuente"":""13-08-2026"",""modalidad"":""SUPERIOR""}",true,2026
1065770,863786,MARIA DE LOS ANGELES CIMA'S,Privada,LINCE,AVENIDA AREQUIPA 1922-1926-1930,"{""director"":""VILLANUEVA CHAVEZ FRANCISCO CELSO"",""telefono"":""3327635"",""email"":null,""pagweb"":""www.cimas.edu.pe"",""dependencia"":""Particular"",""nivel_modalidad"":""Instituto Superior Tecnológico"",""region"":""DRE LIMA METROPOLITANA"",""dre_ugel"":""DRE LIMA METROPOLITANA"",""latitud"":-12.082513,""longitud"":-77.031091,""turno"":""Mañana-Noche"",""estado_codigo"":""1"",""estado"":""Activo"",""fecha_actualizacion_fuente"":""13-08-2026"",""modalidad"":""SUPERIOR""}",true,2026
1065770,863791,MARIA DE LOS ANGELES CIMA'S,Privada,LIMA,AVENIDA INCA GARCILASO DE LA VEGA 1218,"{""director"":""VILLANUEVA CHAVEZ FRANCISCO CELSO"",""telefono"":""3327635"",""email"":null,""pagweb"":""www.cimas.edu.pe"",""dependencia"":""Particular"",""nivel_modalidad"":""Instituto Superior Tecnológico"",""region"":""DRE LIMA METROPOLITANA"",""dre_ugel"":""DRE LIMA METROPOLITANA"",""latitud"":-12.04592,""longitud"":-77.030496,""turno"":""Mañana-Noche"",""estado_codigo"":""1"",""estado"":""Activo"",""fecha_actualizacion_fuente"":""13-08-2026"",""modalidad"":""SUPERIOR""}",true,2026
1065770,863809,MARIA DE LOS ANGELES CIMA'S,Privada,LIMA,AVENIDA AREQUIPA 1201 Y JR. SARGENTO ENRIQUE VILLAR 222-230-234,"{""director"":""VILLANUEVA CHAVEZ FRANCISCO CELSO"",""telefono"":""3327635"",""email"":null,""pagweb"":""www.cimas.edu.pe"",""dependencia"":""Particular"",""nivel_modalidad"":""Instituto Superior Tecnológico"",""region"":""DRE LIMA METROPOLITANA"",""dre_ugel"":""DRE LIMA METROPOLITANA"",""latitud"":-12.04592,""longitud"":-77.030496,""turno"":""Mañana-Noche"",""estado_codigo"":""1"",""estado"":""Activo"",""fecha_actualizacion_fuente"":""13-08-2026"",""modalidad"":""SUPERIOR""}",true,2026
1067099,866600,LATINO,Privada,LOS OLIVOS,AVENIDA SANTIAGO ANTUNEZ DE MAYOLO 901-903,"{""director"":null,""telefono"":""4338727"",""email"":null,""pagweb"":null,""dependencia"":""Particular"",""nivel_modalidad"":""Instituto Superior Tecnológico"",""region"":""DRE LIMA METROPOLITANA"",""dre_ugel"":""DRE LIMA METROPOLITANA"",""latitud"":-11.97454,""longitud"":-77.075871,""turno"":""Mañana-Noche"",""estado_codigo"":""1"",""estado"":""Activo"",""fecha_actualizacion_fuente"":""13-08-2026"",""modalidad"":""SUPERIOR""}",true,2026
1123116,866695,LIMA INSTITUTE OF TECHNICAL STUDIES S.A.C. - LITS S.A.C.,Privada,MIRAFLORES,CALLE LIBERTAD 128-130-132A-B,"{""director"":null,""telefono"":""4418303"",""email"":null,""pagweb"":""www.euroidiomas.edu.pe"",""dependencia"":""Particular"",""nivel_modalidad"":""Instituto Superior Tecnológico"",""region"":""DRE LIMA METROPOLITANA"",""dre_ugel"":""DRE LIMA METROPOLITANA"",""latitud"":-12.121701,""longitud"":-77.029137,""turno"":""Mañana-Noche"",""estado_codigo"":""1"",""estado"":""Activo"",""fecha_actualizacion_fuente"":""13-08-2026"",""modalidad"":""SUPERIOR""}",true,2026
1782424,841068,TOULOUSE LAUTREC,Privada,SANTIAGO DE SURCO,AVENIDA PRIMAVERA 1016,"{""director"":null,""telefono"":""6172436"",""email"":null,""pagweb"":""www.toulouse.edu"",""dependencia"":""Particular"",""nivel_modalidad"":""Escuela Superior Tecnológica"",""region"":""DRE LIMA METROPOLITANA"",""dre_ugel"":""DRE LIMA METROPOLITANA"",""latitud"":-12.11062,""longitud"":-76.98106,""turno"":""Mañana"",""estado_codigo"":""1"",""estado"":""Activo"",""fecha_actualizacion_fuente"":""13-08-2026"",""modalidad"":""SUPERIOR""}",true,2026
1782424,827604,TOULOUSE LAUTREC,Privada,MAGDALENA DEL MAR,AVENIDA JAVIER PRADO OESTE 980-988,"{""director"":null,""telefono"":""6172436"",""email"":null,""pagweb"":""www.toulouse.edu"",""dependencia"":""Particular"",""nivel_modalidad"":""Escuela Superior Tecnológica"",""region"":""DRE LIMA METROPOLITANA"",""dre_ugel"":""DRE LIMA METROPOLITANA"",""latitud"":-12.093258,""longitud"":-77.041049,""turno"":""Mañana"",""estado_codigo"":""1"",""estado"":""Activo"",""fecha_actualizacion_fuente"":""13-08-2026"",""modalidad"":""SUPERIOR""}",true,2026
1799832,864012,CERTUS,Privada,SANTIAGO DE SURCO,AVENIDA SANTIAGO DE SURCO 4713-4717-4719 LOTE 31 ETAPA II,"{""director"":null,""telefono"":""2020901"",""email"":null,""pagweb"":""www.certus.edu.pe"",""dependencia"":""Particular"",""nivel_modalidad"":""Escuela Superior Tecnológica"",""region"":""DRE LIMA METROPOLITANA"",""dre_ugel"":""DRE LIMA METROPOLITANA"",""latitud"":-12.145406,""longitud"":-77.004753,""turno"":""Mañana-Noche"",""estado_codigo"":""1"",""estado"":""Activo"",""fecha_actualizacion_fuente"":""13-08-2026"",""modalidad"":""SUPERIOR""}",true,2026
1799832,841167,CERTUS,Privada,SAN MARTIN DE PORRES,AVENIDA INDUSTRIAL 3733,"{""director"":null,""telefono"":""2020901"",""email"":null,""pagweb"":""www.certus.edu.pe"",""dependencia"":""Particular"",""nivel_modalidad"":""Escuela Superior Tecnológica"",""region"":""DRE LIMA METROPOLITANA"",""dre_ugel"":""DRE LIMA METROPOLITANA"",""latitud"":-12.029867,""longitud"":-77.05831,""turno"":""Mañana-Noche"",""estado_codigo"":""1"",""estado"":""Activo"",""fecha_actualizacion_fuente"":""13-08-2026"",""modalidad"":""SUPERIOR""}",true,2026
1799832,864026,CERTUS,Privada,ATE,AVENIDA NICOLAS AYLLON S/N MZ C LOTE 14,"{""director"":null,""telefono"":""2020901"",""email"":null,""pagweb"":""www.certus.edu.pe"",""dependencia"":""Particular"",""nivel_modalidad"":""Escuela Superior Tecnológica"",""region"":""DRE LIMA METROPOLITANA"",""dre_ugel"":""DRE LIMA METROPOLITANA"",""latitud"":-12.019834,""longitud"":-76.901884,""turno"":""Mañana-Noche"",""estado_codigo"":""1"",""estado"":""Activo"",""fecha_actualizacion_fuente"":""13-08-2026"",""modalidad"":""SUPERIOR""}",true,2026
1799832,856601,CERTUS,Privada,CALLAO,AVENIDA REPUBLICA ARGENTINA 2430,"{""director"":null,""telefono"":""2020901"",""email"":null,""pagweb"":""www.certus.edu.pe"",""dependencia"":""Particular"",""nivel_modalidad"":""Escuela Superior Tecnológica"",""region"":""DRE LIMA METROPOLITANA"",""dre_ugel"":""DRE LIMA METROPOLITANA"",""latitud"":-12.213214,""longitud"":-76.937095,""turno"":""Mañana-Noche"",""estado_codigo"":""1"",""estado"":""Activo"",""fecha_actualizacion_fuente"":""13-08-2026"",""modalidad"":""SUPERIOR""}",true,2026
1801133,865115,DANIEL ALCIDES CARRION,Privada,SAN LUIS,AVENIDA CIRCUNVALACION 2121-2133-2139 MZ O LOTE 9,"{""director"":null,""telefono"":""4708882 - 4339119"",""email"":null,""pagweb"":""www.acarrion.edu.pe"",""dependencia"":""Particular"",""nivel_modalidad"":""Escuela Superior Tecnológica"",""region"":""DRE LIMA METROPOLITANA"",""dre_ugel"":""DRE LIMA METROPOLITANA"",""latitud"":-12.073456,""longitud"":-76.994234,""turno"":""Mañana-Tarde-Noche"",""estado_codigo"":""1"",""estado"":""Activo"",""fecha_actualizacion_fuente"":""13-08-2026"",""modalidad"":""SUPERIOR""}",true,2026
1801133,865120,DANIEL ALCIDES CARRION,Privada,LOS OLIVOS,AVENIDA ALFREDO MENDIOLA 3365,"{""director"":null,""telefono"":""4708882 - 4339119"",""email"":null,""pagweb"":""www.acarrion.edu.pe"",""dependencia"":""Particular"",""nivel_modalidad"":""Escuela Superior Tecnológica"",""region"":""DRE LIMA METROPOLITANA"",""dre_ugel"":""DRE LIMA METROPOLITANA"",""latitud"":-11.991662,""longitud"":-77.070904,""turno"":""Mañana-Tarde-Noche"",""estado_codigo"":""1"",""estado"":""Activo"",""fecha_actualizacion_fuente"":""13-08-2026"",""modalidad"":""SUPERIOR""}",true,2026
1801133,847428,DANIEL ALCIDES CARRION,Privada,LIMA,AVENIDA AREQUIPA 351-365,"{""director"":null,""telefono"":""4708882 - 4339119"",""email"":null,""pagweb"":""www.acarrion.edu.pe"",""dependencia"":""Particular"",""nivel_modalidad"":""Escuela Superior Tecnológica"",""region"":""DRE LIMA METROPOLITANA"",""dre_ugel"":""DRE LIMA METROPOLITANA"",""latitud"":-12.067643,""longitud"":-77.036874,""turno"":""Mañana-Tarde-Noche"",""estado_codigo"":""1"",""estado"":""Activo"",""fecha_actualizacion_fuente"":""13-08-2026"",""modalidad"":""SUPERIOR""}",true,2026
1801133,847452,DANIEL ALCIDES CARRION,Privada,SAN JUAN DE LURIGANCHO,MZ J LOTE 1-2 ETAPA II,"{""director"":null,""telefono"":""4708882 - 4339119"",""email"":null,""pagweb"":""www.acarrion.edu.pe"",""dependencia"":""Particular"",""nivel_modalidad"":""Escuela Superior Tecnológica"",""region"":""DRE LIMA METROPOLITANA"",""dre_ugel"":""DRE LIMA METROPOLITANA"",""latitud"":-12.02962,""longitud"":-77.009968,""turno"":""Mañana-Tarde-Noche"",""estado_codigo"":""1"",""estado"":""Activo"",""fecha_actualizacion_fuente"":""13-08-2026"",""modalidad"":""SUPERIOR""}",true,2026
1801133,867119,DANIEL ALCIDES CARRION,Privada,SAN JUAN DE MIRAFLORES,PARCELA A MZ Q1 LOTE 10,"{""director"":null,""telefono"":""4708882 - 4339119"",""email"":null,""pagweb"":""www.acarrion.edu.pe"",""dependencia"":""Particular"",""nivel_modalidad"":""Escuela Superior Tecnológica"",""region"":""DRE LIMA METROPOLITANA"",""dre_ugel"":""DRE LIMA METROPOLITANA"",""latitud"":-12.16468,""longitud"":-76.976574,""turno"":""Mañana-Tarde-Noche"",""estado_codigo"":""1"",""estado"":""Activo"",""fecha_actualizacion_fuente"":""13-08-2026"",""modalidad"":""SUPERIOR""}",true,2026
1232974,867100,SANTA ROSA,Privada,PACHACAMAC,AVENIDA CUATRO BOCAS S/N MZ K LOTE 6B Y 6C,"{""director"":null,""telefono"":""3326693 - 4235219"",""email"":null,""pagweb"":null,""dependencia"":""Particular"",""nivel_modalidad"":""Instituto Superior Tecnológico"",""region"":""DRE LIMA METROPOLITANA"",""dre_ugel"":""DRE LIMA METROPOLITANA"",""latitud"":-12.229874,""longitud"":-76.859285,""turno"":""Mañana-Tarde-Noche"",""estado_codigo"":""1"",""estado"":""Activo"",""fecha_actualizacion_fuente"":""13-08-2026"",""modalidad"":""SUPERIOR""}",true,2026
1468214,865549,CENTRO PERUANO DE ESTUDIOS BANCARIOS - CEPEBAN,Privada,LINCE,AVENIDA CESAR VALLEJO 366,"{""director"":null,""telefono"":""2222567"",""email"":null,""pagweb"":""www.cepeban.edu.pe"",""dependencia"":""Particular"",""nivel_modalidad"":""Instituto Superior Tecnológico"",""region"":""DRE LIMA METROPOLITANA"",""dre_ugel"":""DRE LIMA METROPOLITANA"",""latitud"":-12.082513,""longitud"":-77.031091,""turno"":""Mañana-Noche"",""estado_codigo"":""1"",""estado"":""Activo"",""fecha_actualizacion_fuente"":""13-08-2026"",""modalidad"":""SUPERIOR""}",true,2026
1801893,866233,FREDERICK WINSLOW TAYLOR,Privada,LURIGANCHO,JIRON CHUCUITO 425,"{""director"":null,""telefono"":""4239814"",""email"":null,""pagweb"":null,""dependencia"":""Particular"",""nivel_modalidad"":""Instituto Superior Tecnológico"",""region"":""DRE LIMA METROPOLITANA"",""dre_ugel"":""DRE LIMA METROPOLITANA"",""latitud"":-11.937848,""longitud"":-76.700465,""turno"":""Mañana-Noche"",""estado_codigo"":""1"",""estado"":""Activo"",""fecha_actualizacion_fuente"":""13-08-2026"",""modalidad"":""SUPERIOR""}",true,2026
1798628,838443,CIBERTEC,Privada,INDEPENDENCIA,AVENIDA CARLOS IZAGUIRRE Y JR. LOS ANDES 400-414 233-239,"{""director"":""TAMASHIRO TAMASHIRO JAIME"",""telefono"":""4238215 - 4245809 - 4115888"",""email"":null,""pagweb"":null,""dependencia"":""Particular"",""nivel_modalidad"":""Escuela Superior Tecnológica"",""region"":""DRE LIMA METROPOLITANA"",""dre_ugel"":""DRE LIMA METROPOLITANA"",""latitud"":-11.997213,""longitud"":-77.054615,""turno"":""Mañana-Tarde-Noche"",""estado_codigo"":""1"",""estado"":""Activo"",""fecha_actualizacion_fuente"":""13-08-2026"",""modalidad"":""SUPERIOR""}",true,2026
1798628,838457,CIBERTEC,Privada,SAN JUAN DE LURIGANCHO,AVENIDA PROCERES DE LA INDEPENDENCIA 3023 - 3043,"{""director"":""TAMASHIRO TAMASHIRO JAIME"",""telefono"":""4238215 - 4245809 - 4115888"",""email"":null,""pagweb"":null,""dependencia"":""Particular"",""nivel_modalidad"":""Escuela Superior Tecnológica"",""region"":""DRE LIMA METROPOLITANA"",""dre_ugel"":""DRE LIMA METROPOLITANA"",""latitud"":-12.02962,""longitud"":-77.009968,""turno"":""Mañana-Tarde-Noche"",""estado_codigo"":""1"",""estado"":""Activo"",""fecha_actualizacion_fuente"":""13-08-2026"",""modalidad"":""SUPERIOR""}",true,2026
1802230,830611,COMPUTRON,Privada,LOS OLIVOS,PASAJE 31 - FRANCISCO AYARZA 168-180,"{""director"":""BACON TERRONES RICHAR ELI"",""telefono"":""4218077"",""email"":null,""pagweb"":""www.computron.edu.pe"",""dependencia"":""Particular"",""nivel_modalidad"":""Instituto Superior Tecnológico"",""region"":""DRE LIMA METROPOLITANA"",""dre_ugel"":""DRE LIMA METROPOLITANA"",""latitud"":-11.99136,""longitud"":-77.06488,""turno"":""Mañana-Tarde-Noche"",""estado_codigo"":""1"",""estado"":""Activo"",""fecha_actualizacion_fuente"":""13-08-2026"",""modalidad"":""SUPERIOR""}",true,2026
1802271,867421,ESCUELA INTERNACIONAL EI - INTUR PEU,Privada,SAN ISIDRO,AVENIDA AREQUIPA 3555 - 3565,"{""director"":""MENDOZA LACMA JENNY DINA"",""telefono"":""4273737"",""email"":null,""pagweb"":null,""dependencia"":""Particular"",""nivel_modalidad"":""Escuela Superior Tecnológica"",""region"":""DRE LIMA METROPOLITANA"",""dre_ugel"":""DRE LIMA METROPOLITANA"",""latitud"":-12.098933,""longitud"":-77.034582,""turno"":""Mañana-Tarde-Noche"",""estado_codigo"":""1"",""estado"":""Activo"",""fecha_actualizacion_fuente"":""13-08-2026"",""modalidad"":""SUPERIOR""}",true,2026
1802289,867435,RACSO,Privada,PUENTE PIEDRA,AVENIDA SAENZ PEÑA 420,"{""director"":""ASCARZA URRIBARI RAFAEL"",""telefono"":null,""email"":null,""pagweb"":null,""dependencia"":""Particular"",""nivel_modalidad"":""Instituto Superior Tecnológico"",""region"":""DRE LIMA METROPOLITANA"",""dre_ugel"":""DRE LIMA METROPOLITANA"",""latitud"":-11.864391,""longitud"":-77.078078,""turno"":""Mañana-Tarde-Noche"",""estado_codigo"":""1"",""estado"":""Activo"",""fecha_actualizacion_fuente"":""13-08-2026"",""modalidad"":""SUPERIOR""}",true,2026
1802313,867505,ESCUELA SABIO NACIONAL ANTUNEZ DE MAYOLO - ESAM,Privada,LINCE,AVENIDA CHALET PARQUE HERNAN VELARDE 47,"{""director"":""PERALES SANCHEZ ANAXIMANDRO ODILO"",""telefono"":null,""email"":null,""pagweb"":null,""dependencia"":""Particular"",""nivel_modalidad"":""Escuela Superior Tecnológica"",""region"":""DRE LIMA METROPOLITANA"",""dre_ugel"":""DRE LIMA METROPOLITANA"",""latitud"":-11.95052,""longitud"":-77.0707,""turno"":""Mañana"",""estado_codigo"":""1"",""estado"":""Activo"",""fecha_actualizacion_fuente"":""13-08-2026"",""modalidad"":""SUPERIOR""}",true,2026
1468636,867628,EDUCACION MEDICA SAN FERNANDO,Privada,INDEPENDENCIA,MZ D LOTE 49,"{""director"":""CONCHA TAYRO AMILCAR"",""telefono"":""3390088"",""email"":null,""pagweb"":null,""dependencia"":""Particular"",""nivel_modalidad"":""Instituto Superior Tecnológico"",""region"":""DRE LIMA METROPOLITANA"",""dre_ugel"":""DRE LIMA METROPOLITANA"",""latitud"":-11.99701,""longitud"":-77.054672,""turno"":""Mañana-Noche"",""estado_codigo"":""1"",""estado"":""Activo"",""fecha_actualizacion_fuente"":""13-08-2026"",""modalidad"":""SUPERIOR""}",true,2026
1802453,867690,SAN MARCOS,Privada,SAN JUAN DE LURIGANCHO,AVENIDA LAS FLORES DE PRIMAVERA 618,"{""director"":""SALAZAR DEZA CARMEN ANGELICA"",""telefono"":null,""email"":null,""pagweb"":null,""dependencia"":""Particular"",""nivel_modalidad"":""Instituto Superior Tecnológico"",""region"":""DRE LIMA METROPOLITANA"",""dre_ugel"":""DRE LIMA METROPOLITANA"",""latitud"":-12.018299,""longitud"":-77.0121,""turno"":""Mañana"",""estado_codigo"":""1"",""estado"":""Activo"",""fecha_actualizacion_fuente"":""13-08-2026"",""modalidad"":""SUPERIOR""}",true,2026
1802495,867826,PERUANO DE OBJETIVOS Y OPORTUNIDADES - IESPPOO,Privada,JESUS MARIA,JIRON HUAYNA CAPAC 1253,"{""director"":""CHAFLOQUE CERVANTES AUGUSTO BERNARDINO"",""telefono"":null,""email"":null,""pagweb"":null,""dependencia"":""Particular"",""nivel_modalidad"":""Instituto Superior Tecnológico"",""region"":""DRE LIMA METROPOLITANA"",""dre_ugel"":""DRE LIMA METROPOLITANA"",""latitud"":-12.076734,""longitud"":-77.043904,""turno"":""Mañana-Noche"",""estado_codigo"":""1"",""estado"":""Activo"",""fecha_actualizacion_fuente"":""13-08-2026"",""modalidad"":""SUPERIOR""}",true,2026
1802503,867850,CIENCIAS DE LA SALUD BARTON,Privada,PUENTE PIEDRA,CALLE 4 111-121,"{""director"":""CHUMPITAZ PANTA ELVA"",""telefono"":null,""email"":null,""pagweb"":null,""dependencia"":""Particular"",""nivel_modalidad"":""Instituto Superior Tecnológico"",""region"":""DRE LIMA METROPOLITANA"",""dre_ugel"":""DRE LIMA METROPOLITANA"",""latitud"":-11.86678,""longitud"":-77.077715,""turno"":""Mañana-Tarde"",""estado_codigo"":""1"",""estado"":""Activo"",""fecha_actualizacion_fuente"":""13-08-2026"",""modalidad"":""SUPERIOR""}",true,2026
0466425,847490,DANIEL ALCIDES CARRION,Privada,SAN JUAN DE MIRAFLORES,AVENIDA SAN JUAN 759 MZ D1 LOTE 03,"{""director"":""VIGIL VEGA KHRISTIAN"",""telefono"":""4708882 - 4339119"",""email"":null,""pagweb"":""www.acarrion.edu.pe"",""dependencia"":""Particular"",""nivel_modalidad"":""Instituto Superior Tecnológico"",""region"":""DRE LIMA METROPOLITANA"",""dre_ugel"":""DRE LIMA METROPOLITANA"",""latitud"":-12.164681,""longitud"":-76.976575,""turno"":""Mañana-Tarde-Noche"",""estado_codigo"":""1"",""estado"":""Activo"",""fecha_actualizacion_fuente"":""13-08-2026"",""modalidad"":""SUPERIOR""}",true,2026
0466425,856583,DANIEL ALCIDES CARRION,Privada,SAN JUAN DE MIRAFLORES,AVENIDA SAN JUAN 643-645 MZ E1 LOTE 12,"{""director"":""VIGIL VEGA KHRISTIAN"",""telefono"":""4708882 - 4339119"",""email"":null,""pagweb"":""www.acarrion.edu.pe"",""dependencia"":""Particular"",""nivel_modalidad"":""Instituto Superior Tecnológico"",""region"":""DRE LIMA METROPOLITANA"",""dre_ugel"":""DRE LIMA METROPOLITANA"",""latitud"":-12.164681,""longitud"":-76.976575,""turno"":""Mañana-Tarde-Noche"",""estado_codigo"":""1"",""estado"":""Activo"",""fecha_actualizacion_fuente"":""13-08-2026"",""modalidad"":""SUPERIOR""}",true,2026
0466425,865672,DANIEL ALCIDES CARRION,Privada,SAN JUAN DE MIRAFLORES,MZ Q1 LOTE 10,"{""director"":""VIGIL VEGA KHRISTIAN"",""telefono"":""4708882 - 4339119"",""email"":null,""pagweb"":""www.acarrion.edu.pe"",""dependencia"":""Particular"",""nivel_modalidad"":""Instituto Superior Tecnológico"",""region"":""DRE LIMA METROPOLITANA"",""dre_ugel"":""DRE LIMA METROPOLITANA"",""latitud"":-3.570834,""longitud"":-80.459572,""turno"":""Mañana-Tarde-Noche"",""estado_codigo"":""1"",""estado"":""Activo"",""fecha_actualizacion_fuente"":""13-08-2026"",""modalidad"":""SUPERIOR""}",true,2026
0466425,847452,DANIEL ALCIDES CARRION,Privada,SAN JUAN DE LURIGANCHO,MZ J LOTE 1-2 ETAPA II,"{""director"":""VIGIL VEGA KHRISTIAN"",""telefono"":""4708882 - 4339119"",""email"":null,""pagweb"":""www.acarrion.edu.pe"",""dependencia"":""Particular"",""nivel_modalidad"":""Instituto Superior Tecnológico"",""region"":""DRE LIMA METROPOLITANA"",""dre_ugel"":""DRE LIMA METROPOLITANA"",""latitud"":-12.02962,""longitud"":-77.009968,""turno"":""Mañana-Tarde-Noche"",""estado_codigo"":""1"",""estado"":""Activo"",""fecha_actualizacion_fuente"":""13-08-2026"",""modalidad"":""SUPERIOR""}",true,2026
0466425,847471,DANIEL ALCIDES CARRION,Privada,LOS OLIVOS,PARCELA 10335 MZ A LOTE 3-4,"{""director"":""VIGIL VEGA KHRISTIAN"",""telefono"":""4708882 - 4339119"",""email"":null,""pagweb"":""www.acarrion.edu.pe"",""dependencia"":""Particular"",""nivel_modalidad"":""Instituto Superior Tecnológico"",""region"":""DRE LIMA METROPOLITANA"",""dre_ugel"":""DRE LIMA METROPOLITANA"",""latitud"":-11.97454,""longitud"":-77.075871,""turno"":""Mañana-Tarde-Noche"",""estado_codigo"":""1"",""estado"":""Activo"",""fecha_actualizacion_fuente"":""13-08-2026"",""modalidad"":""SUPERIOR""}",true,2026
0466425,865101,DANIEL ALCIDES CARRION,Privada,JESUS MARIA,AVENIDA REPUBLICA DE CHILE 376-380-384-388,"{""director"":""VIGIL VEGA KHRISTIAN"",""telefono"":""4708882 - 4339119"",""email"":null,""pagweb"":""www.acarrion.edu.pe"",""dependencia"":""Particular"",""nivel_modalidad"":""Instituto Superior Tecnológico"",""region"":""DRE LIMA METROPOLITANA"",""dre_ugel"":""DRE LIMA METROPOLITANA"",""latitud"":-12.076734,""longitud"":-77.043904,""turno"":""Mañana-Tarde-Noche"",""estado_codigo"":""1"",""estado"":""Activo"",""fecha_actualizacion_fuente"":""13-08-2026"",""modalidad"":""SUPERIOR""}",true,2026
0466425,865115,DANIEL ALCIDES CARRION,Privada,SAN LUIS,AVENIDA CIRCUNVALACION 2121-2133-2139 MZ O LOTE 9,"{""director"":""VIGIL VEGA KHRISTIAN"",""telefono"":""4708882 - 4339119"",""email"":null,""pagweb"":""www.acarrion.edu.pe"",""dependencia"":""Particular"",""nivel_modalidad"":""Instituto Superior Tecnológico"",""region"":""DRE LIMA METROPOLITANA"",""dre_ugel"":""DRE LIMA METROPOLITANA"",""latitud"":-12.073456,""longitud"":-76.994234,""turno"":""Mañana-Tarde-Noche"",""estado_codigo"":""1"",""estado"":""Activo"",""fecha_actualizacion_fuente"":""13-08-2026"",""modalidad"":""SUPERIOR""}",true,2026
0466425,865120,DANIEL ALCIDES CARRION,Privada,LOS OLIVOS,AVENIDA ALFREDO MENDIOLA 3365,"{""director"":""VIGIL VEGA KHRISTIAN"",""telefono"":""4708882 - 4339119"",""email"":null,""pagweb"":""www.acarrion.edu.pe"",""dependencia"":""Particular"",""nivel_modalidad"":""Instituto Superior Tecnológico"",""region"":""DRE LIMA METROPOLITANA"",""dre_ugel"":""DRE LIMA METROPOLITANA"",""latitud"":-11.991662,""longitud"":-77.070904,""turno"":""Mañana-Tarde-Noche"",""estado_codigo"":""1"",""estado"":""Activo"",""fecha_actualizacion_fuente"":""13-08-2026"",""modalidad"":""SUPERIOR""}",true,2026
0702373,838443,CIBERTEC,Privada,INDEPENDENCIA,AVENIDA CARLOS IZAGUIRRE Y JR. LOS ANDES 400-414 233-239,"{""director"":""HERRERA BURSTEIN YURI ENRIQUE"",""telefono"":""4238215 - 4245809 - 4115888"",""email"":null,""pagweb"":null,""dependencia"":""Particular"",""nivel_modalidad"":""Instituto Superior Tecnológico"",""region"":""DRE LIMA METROPOLITANA"",""dre_ugel"":""DRE LIMA METROPOLITANA"",""latitud"":-11.997213,""longitud"":-77.054615,""turno"":""Mañana-Tarde-Noche"",""estado_codigo"":""1"",""estado"":""Activo"",""fecha_actualizacion_fuente"":""13-08-2026"",""modalidad"":""SUPERIOR""}",true,2026
0702373,838424,CIBERTEC,Privada,BREÑA,AVENIDA BRASIL 732,"{""director"":""HERRERA BURSTEIN YURI ENRIQUE"",""telefono"":""4238215 - 4245809 - 4115888"",""email"":null,""pagweb"":null,""dependencia"":""Particular"",""nivel_modalidad"":""Instituto Superior Tecnológico"",""region"":""DRE LIMA METROPOLITANA"",""dre_ugel"":""DRE LIMA METROPOLITANA"",""latitud"":-12.058713,""longitud"":-77.045959,""turno"":""Mañana-Tarde-Noche"",""estado_codigo"":""1"",""estado"":""Activo"",""fecha_actualizacion_fuente"":""13-08-2026"",""modalidad"":""SUPERIOR""}",true,2026
0702373,838457,CIBERTEC,Privada,SAN JUAN DE LURIGANCHO,AVENIDA PROCERES DE LA INDEPENDENCIA 3023 - 3043,"{""director"":""HERRERA BURSTEIN YURI ENRIQUE"",""telefono"":""4238215 - 4245809 - 4115888"",""email"":null,""pagweb"":null,""dependencia"":""Particular"",""nivel_modalidad"":""Instituto Superior Tecnológico"",""region"":""DRE LIMA METROPOLITANA"",""dre_ugel"":""DRE LIMA METROPOLITANA"",""latitud"":-12.02962,""longitud"":-77.009968,""turno"":""Mañana-Tarde-Noche"",""estado_codigo"":""1"",""estado"":""Activo"",""fecha_actualizacion_fuente"":""13-08-2026"",""modalidad"":""SUPERIOR""}",true,2026
0702704,839452,IDAT,Privada,LIMA,AVENIDA PETITI THOURS 315,"{""director"":""RUBIO RODRIGUEZ MANUEL JAVIER"",""telefono"":""4336635"",""email"":null,""pagweb"":""www.idat.com.pe"",""dependencia"":""Particular"",""nivel_modalidad"":""Instituto Superior Tecnológico"",""region"":""DRE LIMA METROPOLITANA"",""dre_ugel"":""DRE LIMA METROPOLITANA"",""latitud"":-16.398814,""longitud"":-71.53702,""turno"":""Mañana-Tarde-Noche"",""estado_codigo"":""1"",""estado"":""Activo"",""fecha_actualizacion_fuente"":""13-08-2026"",""modalidad"":""SUPERIOR""}",true,2026
0702704,839490,IDAT,Privada,ATE,AVENIDA NICOLAS AYLLON 836,"{""director"":""RUBIO RODRIGUEZ MANUEL JAVIER"",""telefono"":""4336635"",""email"":null,""pagweb"":""www.idat.com.pe"",""dependencia"":""Particular"",""nivel_modalidad"":""Instituto Superior Tecnológico"",""region"":""DRE LIMA METROPOLITANA"",""dre_ugel"":""DRE LIMA METROPOLITANA"",""latitud"":-12.025933,""longitud"":-76.918729,""turno"":""Mañana-Tarde-Noche"",""estado_codigo"":""1"",""estado"":""Activo"",""fecha_actualizacion_fuente"":""13-08-2026"",""modalidad"":""SUPERIOR""}",true,2026
0702704,839503,IDAT,Privada,SAN MARTIN DE PORRES,AVENIDA TOMAS VALLE 1075,"{""director"":""RUBIO RODRIGUEZ MANUEL JAVIER"",""telefono"":""4336635"",""email"":null,""pagweb"":""www.idat.com.pe"",""dependencia"":""Particular"",""nivel_modalidad"":""Instituto Superior Tecnológico"",""region"":""DRE LIMA METROPOLITANA"",""dre_ugel"":""DRE LIMA METROPOLITANA"",""latitud"":-12.029867,""longitud"":-77.05831,""turno"":""Mañana-Tarde-Noche"",""estado_codigo"":""1"",""estado"":""Activo"",""fecha_actualizacion_fuente"":""13-08-2026"",""modalidad"":""SUPERIOR""}",true,2026
0702704,839517,IDAT,Privada,SAN JUAN DE LURIGANCHO,AVENIDA EL SOL 333,"{""director"":""RUBIO RODRIGUEZ MANUEL JAVIER"",""telefono"":""4336635"",""email"":null,""pagweb"":""www.idat.com.pe"",""dependencia"":""Particular"",""nivel_modalidad"":""Instituto Superior Tecnológico"",""region"":""DRE LIMA METROPOLITANA"",""dre_ugel"":""DRE LIMA METROPOLITANA"",""latitud"":-12.02962,""longitud"":-77.009968,""turno"":""Mañana-Tarde-Noche"",""estado_codigo"":""1"",""estado"":""Activo"",""fecha_actualizacion_fuente"":""13-08-2026"",""modalidad"":""SUPERIOR""}",true,2026
0702704,840832,IDAT,Privada,SAN JUAN DE MIRAFLORES,AVENIDA PEDRO MIOTTA 950-956,"{""director"":""RUBIO RODRIGUEZ MANUEL JAVIER"",""telefono"":""4336635"",""email"":null,""pagweb"":""www.idat.com.pe"",""dependencia"":""Particular"",""nivel_modalidad"":""Instituto Superior Tecnológico"",""region"":""DRE LIMA METROPOLITANA"",""dre_ugel"":""DRE LIMA METROPOLITANA"",""latitud"":-12.16276,""longitud"":-76.963415,""turno"":""Mañana-Tarde-Noche"",""estado_codigo"":""1"",""estado"":""Activo"",""fecha_actualizacion_fuente"":""13-08-2026"",""modalidad"":""SUPERIOR""}",true,2026
1066018,850270,ARZOBISPO LOAYZA,Privada,LIMA,AVENIDA AREQUIPA 1473-1481,"{""director"":""LEON HORNA KATHERINE GLORIA MARIA"",""telefono"":""4312715"",""email"":null,""pagweb"":null,""dependencia"":""Particular"",""nivel_modalidad"":""Instituto Superior Tecnológico"",""region"":""DRE LIMA METROPOLITANA"",""dre_ugel"":""DRE LIMA METROPOLITANA"",""latitud"":-12.04592,""longitud"":-77.030496,""turno"":""Mañana-Noche"",""estado_codigo"":""1"",""estado"":""Activo"",""fecha_actualizacion_fuente"":""13-08-2026"",""modalidad"":""SUPERIOR""}",true,2026
1066018,850388,ARZOBISPO LOAYZA,Privada,LIMA,AVENIDA ALFONSO UGARTE 1061-1079-1085,"{""director"":""LEON HORNA KATHERINE GLORIA MARIA"",""telefono"":""4312715"",""email"":null,""pagweb"":null,""dependencia"":""Particular"",""nivel_modalidad"":""Instituto Superior Tecnológico"",""region"":""DRE LIMA METROPOLITANA"",""dre_ugel"":""DRE LIMA METROPOLITANA"",""latitud"":-12.04592,""longitud"":-77.030496,""turno"":""Mañana-Noche"",""estado_codigo"":""1"",""estado"":""Activo"",""fecha_actualizacion_fuente"":""13-08-2026"",""modalidad"":""SUPERIOR""}",true,2026
1066018,850289,ARZOBISPO LOAYZA,Privada,SAN JUAN DE MIRAFLORES,AVENIDA BELISARIO SUARES S/N MZ C-2 LOTE 12,"{""director"":""LEON HORNA KATHERINE GLORIA MARIA"",""telefono"":""4312715"",""email"":null,""pagweb"":null,""dependencia"":""Particular"",""nivel_modalidad"":""Instituto Superior Tecnológico"",""region"":""DRE LIMA METROPOLITANA"",""dre_ugel"":""DRE LIMA METROPOLITANA"",""latitud"":-12.164681,""longitud"":-76.976575,""turno"":""Mañana-Noche"",""estado_codigo"":""1"",""estado"":""Activo"",""fecha_actualizacion_fuente"":""13-08-2026"",""modalidad"":""SUPERIOR""}",true,2026
1066018,850294,ARZOBISPO LOAYZA,Privada,SAN JUAN DE MIRAFLORES,AVENIDA GUILLERMO BILLINGHURST S/N MZ F2 LOTE 32,"{""director"":""LEON HORNA KATHERINE GLORIA MARIA"",""telefono"":""4312715"",""email"":null,""pagweb"":null,""dependencia"":""Particular"",""nivel_modalidad"":""Instituto Superior Tecnológico"",""region"":""DRE LIMA METROPOLITANA"",""dre_ugel"":""DRE LIMA METROPOLITANA"",""latitud"":-12.164681,""longitud"":-76.976575,""turno"":""Mañana-Noche"",""estado_codigo"":""1"",""estado"":""Activo"",""fecha_actualizacion_fuente"":""13-08-2026"",""modalidad"":""SUPERIOR""}",true,2026
1066018,850307,ARZOBISPO LOAYZA,Privada,SAN JUAN DE MIRAFLORES,AVENIDA MIGUEL IGLESIAS 888 - 890 ETAPA II,"{""director"":""LEON HORNA KATHERINE GLORIA MARIA"",""telefono"":""4312715"",""email"":null,""pagweb"":null,""dependencia"":""Particular"",""nivel_modalidad"":""Instituto Superior Tecnológico"",""region"":""DRE LIMA METROPOLITANA"",""dre_ugel"":""DRE LIMA METROPOLITANA"",""latitud"":-12.164681,""longitud"":-76.976575,""turno"":""Mañana-Noche"",""estado_codigo"":""1"",""estado"":""Activo"",""fecha_actualizacion_fuente"":""13-08-2026"",""modalidad"":""SUPERIOR""}",true,2026
1066018,850312,ARZOBISPO LOAYZA,Privada,SAN JUAN DE MIRAFLORES,AVENIDA SAN JUAN 721,"{""director"":""LEON HORNA KATHERINE GLORIA MARIA"",""telefono"":""4312715"",""email"":null,""pagweb"":null,""dependencia"":""Particular"",""nivel_modalidad"":""Instituto Superior Tecnológico"",""region"":""DRE LIMA METROPOLITANA"",""dre_ugel"":""DRE LIMA METROPOLITANA"",""latitud"":-12.164681,""longitud"":-76.976575,""turno"":""Mañana-Noche"",""estado_codigo"":""1"",""estado"":""Activo"",""fecha_actualizacion_fuente"":""13-08-2026"",""modalidad"":""SUPERIOR""}",true,2026
1066018,850350,ARZOBISPO LOAYZA,Privada,LOS OLIVOS,JIRON CARLOS AUGUSTO SALAVERRY S/N MZ C LOTE 26,"{""director"":""LEON HORNA KATHERINE GLORIA MARIA"",""telefono"":""4312715"",""email"":null,""pagweb"":null,""dependencia"":""Particular"",""nivel_modalidad"":""Instituto Superior Tecnológico"",""region"":""DRE LIMA METROPOLITANA"",""dre_ugel"":""DRE LIMA METROPOLITANA"",""latitud"":-11.97454,""longitud"":-77.075871,""turno"":""Mañana-Noche"",""estado_codigo"":""1"",""estado"":""Activo"",""fecha_actualizacion_fuente"":""13-08-2026"",""modalidad"":""SUPERIOR""}",true,2026
1066018,850326,ARZOBISPO LOAYZA,Privada,SAN JUAN DE MIRAFLORES,AVENIDA LOS PROCERES DE LA INDEPENDENCIA 1815-1817-1819 MZ J LOTE 1,"{""director"":""LEON HORNA KATHERINE GLORIA MARIA"",""telefono"":""4312715"",""email"":null,""pagweb"":null,""dependencia"":""Particular"",""nivel_modalidad"":""Instituto Superior Tecnológico"",""region"":""DRE LIMA METROPOLITANA"",""dre_ugel"":""DRE LIMA METROPOLITANA"",""latitud"":-12.164681,""longitud"":-76.976575,""turno"":""Mañana-Noche"",""estado_codigo"":""1"",""estado"":""Activo"",""fecha_actualizacion_fuente"":""13-08-2026"",""modalidad"":""SUPERIOR""}",true,2026
1066018,850331,ARZOBISPO LOAYZA,Privada,ATE,AVENIDA HORACIO ZEVALLOS CON CARRETERA CENTRAL S/N MZ A LOTE 1-B ETAPA III,"{""director"":""LEON HORNA KATHERINE GLORIA MARIA"",""telefono"":""4312715"",""email"":null,""pagweb"":null,""dependencia"":""Particular"",""nivel_modalidad"":""Instituto Superior Tecnológico"",""region"":""DRE LIMA METROPOLITANA"",""dre_ugel"":""DRE LIMA METROPOLITANA"",""latitud"":-12.025933,""longitud"":-76.918729,""turno"":""Mañana-Noche"",""estado_codigo"":""1"",""estado"":""Activo"",""fecha_actualizacion_fuente"":""13-08-2026"",""modalidad"":""SUPERIOR""}",true,2026
1066018,850345,ARZOBISPO LOAYZA,Privada,ATE,AVENIDA NICOLAS AYLLON S/N MZ Z LOTE 02,"{""director"":""LEON HORNA KATHERINE GLORIA MARIA"",""telefono"":""4312715"",""email"":null,""pagweb"":null,""dependencia"":""Particular"",""nivel_modalidad"":""Instituto Superior Tecnológico"",""region"":""DRE LIMA METROPOLITANA"",""dre_ugel"":""DRE LIMA METROPOLITANA"",""latitud"":-12.025933,""longitud"":-76.918729,""turno"":""Mañana-Noche"",""estado_codigo"":""1"",""estado"":""Activo"",""fecha_actualizacion_fuente"":""13-08-2026"",""modalidad"":""SUPERIOR""}",true,2026
1066018,850374,ARZOBISPO LOAYZA,Privada,ATE,AVENIDA NICOLAS AYLLON 831 LOTE 140-B,"{""director"":""LEON HORNA KATHERINE GLORIA MARIA"",""telefono"":""4312715"",""email"":null,""pagweb"":null,""dependencia"":""Particular"",""nivel_modalidad"":""Instituto Superior Tecnológico"",""region"":""DRE LIMA METROPOLITANA"",""dre_ugel"":""DRE LIMA METROPOLITANA"",""latitud"":-12.025933,""longitud"":-76.918729,""turno"":""Mañana-Noche"",""estado_codigo"":""1"",""estado"":""Activo"",""fecha_actualizacion_fuente"":""13-08-2026"",""modalidad"":""SUPERIOR""}",true,2026
1066018,857484,ARZOBISPO LOAYZA,Privada,SAN JUAN DE LURIGANCHO,AVENIDA LOS PROCERES DE LA INDEPENDENCIA 2272 MZ X LOTE 6 ETAPA I,"{""director"":""LEON HORNA KATHERINE GLORIA MARIA"",""telefono"":""4312715"",""email"":null,""pagweb"":null,""dependencia"":""Particular"",""nivel_modalidad"":""Instituto Superior Tecnológico"",""region"":""DRE LIMA METROPOLITANA"",""dre_ugel"":""DRE LIMA METROPOLITANA"",""latitud"":-12.02962,""longitud"":-77.009968,""turno"":""Mañana-Noche"",""estado_codigo"":""1"",""estado"":""Activo"",""fecha_actualizacion_fuente"":""13-08-2026"",""modalidad"":""SUPERIOR""}",true,2026
1066018,857498,ARZOBISPO LOAYZA,Privada,VILLA EL SALVADOR,"MZ K1 LOTE 08-A, 08-B","{""director"":""LEON HORNA KATHERINE GLORIA MARIA"",""telefono"":""4312715"",""email"":null,""pagweb"":null,""dependencia"":""Particular"",""nivel_modalidad"":""Instituto Superior Tecnológico"",""region"":""DRE LIMA METROPOLITANA"",""dre_ugel"":""DRE LIMA METROPOLITANA"",""latitud"":-12.213214,""longitud"":-76.937095,""turno"":""Mañana-Noche"",""estado_codigo"":""1"",""estado"":""Activo"",""fecha_actualizacion_fuente"":""13-08-2026"",""modalidad"":""SUPERIOR""}",true,2026
1066018,857506,ARZOBISPO LOAYZA,Privada,PUENTE PIEDRA,AVENIDA PUENTE PIEDRA 712,"{""director"":""LEON HORNA KATHERINE GLORIA MARIA"",""telefono"":""4312715"",""email"":null,""pagweb"":null,""dependencia"":""Particular"",""nivel_modalidad"":""Instituto Superior Tecnológico"",""region"":""DRE LIMA METROPOLITANA"",""dre_ugel"":""DRE LIMA METROPOLITANA"",""latitud"":-11.86678,""longitud"":-77.077715,""turno"":""Mañana-Noche"",""estado_codigo"":""1"",""estado"":""Activo"",""fecha_actualizacion_fuente"":""13-08-2026"",""modalidad"":""SUPERIOR""}",true,2026
1066018,865040,ARZOBISPO LOAYZA,Privada,LIMA,JIRON CHOTA 1080-1098-1104,"{""director"":""LEON HORNA KATHERINE GLORIA MARIA"",""telefono"":""4312715"",""email"":null,""pagweb"":null,""dependencia"":""Particular"",""nivel_modalidad"":""Instituto Superior Tecnológico"",""region"":""DRE LIMA METROPOLITANA"",""dre_ugel"":""DRE LIMA METROPOLITANA"",""latitud"":-12.04592,""longitud"":-77.030496,""turno"":""Mañana-Noche"",""estado_codigo"":""1"",""estado"":""Activo"",""fecha_actualizacion_fuente"":""13-08-2026"",""modalidad"":""SUPERIOR""}",true,2026
1066018,865059,ARZOBISPO LOAYZA,Privada,INDEPENDENCIA,AVENIDA CARLOS ALBERTO IZAGUIRRE 230,"{""director"":""LEON HORNA KATHERINE GLORIA MARIA"",""telefono"":""4312715"",""email"":null,""pagweb"":null,""dependencia"":""Particular"",""nivel_modalidad"":""Instituto Superior Tecnológico"",""region"":""DRE LIMA METROPOLITANA"",""dre_ugel"":""DRE LIMA METROPOLITANA"",""latitud"":-11.997213,""longitud"":-77.054615,""turno"":""Mañana-Noche"",""estado_codigo"":""1"",""estado"":""Activo"",""fecha_actualizacion_fuente"":""13-08-2026"",""modalidad"":""SUPERIOR""}",true,2026
1066018,865064,ARZOBISPO LOAYZA,Privada,SAN JUAN DE LURIGANCHO,MZ G LOTE 01 Y 02,"{""director"":""LEON HORNA KATHERINE GLORIA MARIA"",""telefono"":""4312715"",""email"":null,""pagweb"":null,""dependencia"":""Particular"",""nivel_modalidad"":""Instituto Superior Tecnológico"",""region"":""DRE LIMA METROPOLITANA"",""dre_ugel"":""DRE LIMA METROPOLITANA"",""latitud"":-12.02962,""longitud"":-77.009968,""turno"":""Mañana-Noche"",""estado_codigo"":""1"",""estado"":""Activo"",""fecha_actualizacion_fuente"":""13-08-2026"",""modalidad"":""SUPERIOR""}",true,2026
1066018,865078,ARZOBISPO LOAYZA,Privada,SAN JUAN DE LURIGANCHO,AVENIDA PROCERES DE LA INDEPENDENCIA 5010 - 5018 SECTOR II,"{""director"":""LEON HORNA KATHERINE GLORIA MARIA"",""telefono"":""4312715"",""email"":null,""pagweb"":null,""dependencia"":""Particular"",""nivel_modalidad"":""Instituto Superior Tecnológico"",""region"":""DRE LIMA METROPOLITANA"",""dre_ugel"":""DRE LIMA METROPOLITANA"",""latitud"":-12.02962,""longitud"":-77.009968,""turno"":""Mañana-Noche"",""estado_codigo"":""1"",""estado"":""Activo"",""fecha_actualizacion_fuente"":""13-08-2026"",""modalidad"":""SUPERIOR""}",true,2026
1066018,865083,ARZOBISPO LOAYZA,Privada,ATE,MZ A LOTE 1 ETAPA III,"{""director"":""LEON HORNA KATHERINE GLORIA MARIA"",""telefono"":""4312715"",""email"":null,""pagweb"":null,""dependencia"":""Particular"",""nivel_modalidad"":""Instituto Superior Tecnológico"",""region"":""DRE LIMA METROPOLITANA"",""dre_ugel"":""DRE LIMA METROPOLITANA"",""latitud"":-12.025933,""longitud"":-76.918729,""turno"":""Mañana-Noche"",""estado_codigo"":""1"",""estado"":""Activo"",""fecha_actualizacion_fuente"":""13-08-2026"",""modalidad"":""SUPERIOR""}",true,2026
1066018,865097,ARZOBISPO LOAYZA,Privada,PUENTE PIEDRA,AVENIDA MIGUEL GRAU 191 MZ 78 LOTE 8- SUB LOTE 2,"{""director"":""LEON HORNA KATHERINE GLORIA MARIA"",""telefono"":""4312715"",""email"":null,""pagweb"":null,""dependencia"":""Particular"",""nivel_modalidad"":""Instituto Superior Tecnológico"",""region"":""DRE LIMA METROPOLITANA"",""dre_ugel"":""DRE LIMA METROPOLITANA"",""latitud"":-11.86678,""longitud"":-77.077715,""turno"":""Mañana-Noche"",""estado_codigo"":""1"",""estado"":""Activo"",""fecha_actualizacion_fuente"":""13-08-2026"",""modalidad"":""SUPERIOR""}",true,2026
1066018,867954,ARZOBISPO LOAYZA,Privada,VILLA MARIA DEL TRIUNFO,AVENIDA EL TRIUNFO 481-485-487,"{""director"":""LEON HORNA KATHERINE GLORIA MARIA"",""telefono"":""4312715"",""email"":null,""pagweb"":null,""dependencia"":""Particular"",""nivel_modalidad"":""Instituto Superior Tecnológico"",""region"":""DRE LIMA METROPOLITANA"",""dre_ugel"":""DRE LIMA METROPOLITANA"",""latitud"":-12.162645,""longitud"":-76.944287,""turno"":""Mañana-Noche"",""estado_codigo"":""1"",""estado"":""Activo"",""fecha_actualizacion_fuente"":""13-08-2026"",""modalidad"":""SUPERIOR""}",true,2026
1066018,867968,ARZOBISPO LOAYZA,Privada,VILLA EL SALVADOR,AVENIDA PACHACUTEC - PARCELA I MZ B LOTE 7,"{""director"":""LEON HORNA KATHERINE GLORIA MARIA"",""telefono"":""4312715"",""email"":null,""pagweb"":null,""dependencia"":""Particular"",""nivel_modalidad"":""Instituto Superior Tecnológico"",""region"":""DRE LIMA METROPOLITANA"",""dre_ugel"":""DRE LIMA METROPOLITANA"",""latitud"":-12.185149,""longitud"":-76.941136,""turno"":""Mañana-Noche"",""estado_codigo"":""1"",""estado"":""Activo"",""fecha_actualizacion_fuente"":""13-08-2026"",""modalidad"":""SUPERIOR""}",true,2026
1066018,867973,ARZOBISPO LOAYZA,Privada,SAN JUAN DE LURIGANCHO,AVENIDA SANTA ROSA DE LIMA 1231,"{""director"":""LEON HORNA KATHERINE GLORIA MARIA"",""telefono"":""4312715"",""email"":null,""pagweb"":null,""dependencia"":""Particular"",""nivel_modalidad"":""Instituto Superior Tecnológico"",""region"":""DRE LIMA METROPOLITANA"",""dre_ugel"":""DRE LIMA METROPOLITANA"",""latitud"":-12.011845,""longitud"":-76.996821,""turno"":""Mañana-Noche"",""estado_codigo"":""1"",""estado"":""Activo"",""fecha_actualizacion_fuente"":""13-08-2026"",""modalidad"":""SUPERIOR""}",true,2026
1114768,839881,PERUANO DE SISTEMAS SISE,Privada,SANTIAGO DE SURCO,AVENIDA SANTIAGO DE SURCO 4847,"{""director"":""BAYETTO VASQUEZ MIRKO LUIS"",""telefono"":""4447279"",""email"":null,""pagweb"":""www.sise.edu.pe"",""dependencia"":""Particular"",""nivel_modalidad"":""Instituto Superior Tecnológico"",""region"":""DRE LIMA METROPOLITANA"",""dre_ugel"":""DRE LIMA METROPOLITANA"",""latitud"":-12.125348,""longitud"":-77.029577,""turno"":""Mañana-Noche"",""estado_codigo"":""1"",""estado"":""Activo"",""fecha_actualizacion_fuente"":""13-08-2026"",""modalidad"":""SUPERIOR""}",true,2026
1114768,839744,PERUANO DE SISTEMAS SISE,Privada,PUENTE PIEDRA,CALLE VICTORIA 509,"{""director"":""BAYETTO VASQUEZ MIRKO LUIS"",""telefono"":""4447279"",""email"":null,""pagweb"":""www.sise.edu.pe"",""dependencia"":""Particular"",""nivel_modalidad"":""Instituto Superior Tecnológico"",""region"":""DRE LIMA METROPOLITANA"",""dre_ugel"":""DRE LIMA METROPOLITANA"",""latitud"":-11.86678,""longitud"":-77.077715,""turno"":""Mañana-Noche"",""estado_codigo"":""1"",""estado"":""Activo"",""fecha_actualizacion_fuente"":""13-08-2026"",""modalidad"":""SUPERIOR""}",true,2026
1114768,839758,PERUANO DE SISTEMAS SISE,Privada,INDEPENDENCIA,AVENIDA INDUSTRIAL 3728 - 3732,"{""director"":""BAYETTO VASQUEZ MIRKO LUIS"",""telefono"":""4447279"",""email"":null,""pagweb"":""www.sise.edu.pe"",""dependencia"":""Particular"",""nivel_modalidad"":""Instituto Superior Tecnológico"",""region"":""DRE LIMA METROPOLITANA"",""dre_ugel"":""DRE LIMA METROPOLITANA"",""latitud"":-11.997213,""longitud"":-77.054615,""turno"":""Mañana-Noche"",""estado_codigo"":""1"",""estado"":""Activo"",""fecha_actualizacion_fuente"":""13-08-2026"",""modalidad"":""SUPERIOR""}",true,2026
1114768,839763,PERUANO DE SISTEMAS SISE,Privada,SAN JUAN DE MIRAFLORES,AVENIDA SAN JUAN 779,"{""director"":""BAYETTO VASQUEZ MIRKO LUIS"",""telefono"":""4447279"",""email"":null,""pagweb"":""www.sise.edu.pe"",""dependencia"":""Particular"",""nivel_modalidad"":""Instituto Superior Tecnológico"",""region"":""DRE LIMA METROPOLITANA"",""dre_ugel"":""DRE LIMA METROPOLITANA"",""latitud"":-12.164681,""longitud"":-76.976575,""turno"":""Mañana-Noche"",""estado_codigo"":""1"",""estado"":""Activo"",""fecha_actualizacion_fuente"":""13-08-2026"",""modalidad"":""SUPERIOR""}",true,2026
1114768,839777,PERUANO DE SISTEMAS SISE,Privada,ATE,AVENIDA NICOLAS AYLLON Y JR. HUANCHIHUAYLAS S/N,"{""director"":""BAYETTO VASQUEZ MIRKO LUIS"",""telefono"":""4447279"",""email"":null,""pagweb"":""www.sise.edu.pe"",""dependencia"":""Particular"",""nivel_modalidad"":""Instituto Superior Tecnológico"",""region"":""DRE LIMA METROPOLITANA"",""dre_ugel"":""DRE LIMA METROPOLITANA"",""latitud"":-12.025933,""longitud"":-76.918729,""turno"":""Mañana-Noche"",""estado_codigo"":""1"",""estado"":""Activo"",""fecha_actualizacion_fuente"":""13-08-2026"",""modalidad"":""SUPERIOR""}",true,2026
1114768,839796,PERUANO DE SISTEMAS SISE,Privada,SAN JUAN DE MIRAFLORES,AVENIDA BELISARIO SUAREZ 388,"{""director"":""BAYETTO VASQUEZ MIRKO LUIS"",""telefono"":""4447279"",""email"":null,""pagweb"":""www.sise.edu.pe"",""dependencia"":""Particular"",""nivel_modalidad"":""Instituto Superior Tecnológico"",""region"":""DRE LIMA METROPOLITANA"",""dre_ugel"":""DRE LIMA METROPOLITANA"",""latitud"":-12.164681,""longitud"":-76.976575,""turno"":""Mañana-Noche"",""estado_codigo"":""1"",""estado"":""Activo"",""fecha_actualizacion_fuente"":""13-08-2026"",""modalidad"":""SUPERIOR""}",true,2026
1114768,839824,PERUANO DE SISTEMAS SISE,Privada,COMAS,AVENIDA UNIVERSITARIA 1240,"{""director"":""BAYETTO VASQUEZ MIRKO LUIS"",""telefono"":""4447279"",""email"":null,""pagweb"":""www.sise.edu.pe"",""dependencia"":""Particular"",""nivel_modalidad"":""Instituto Superior Tecnológico"",""region"":""DRE LIMA METROPOLITANA"",""dre_ugel"":""DRE LIMA METROPOLITANA"",""latitud"":-11.95714,""longitud"":-77.049835,""turno"":""Mañana-Noche"",""estado_codigo"":""1"",""estado"":""Activo"",""fecha_actualizacion_fuente"":""13-08-2026"",""modalidad"":""SUPERIOR""}",true,2026
1114768,839843,PERUANO DE SISTEMAS SISE,Privada,VILLA EL SALVADOR,CALLE 17 MZ 03 LOTE SUB LOTE 01,"{""director"":""BAYETTO VASQUEZ MIRKO LUIS"",""telefono"":""4447279"",""email"":null,""pagweb"":""www.sise.edu.pe"",""dependencia"":""Particular"",""nivel_modalidad"":""Instituto Superior Tecnológico"",""region"":""DRE LIMA METROPOLITANA"",""dre_ugel"":""DRE LIMA METROPOLITANA"",""latitud"":-12.213214,""longitud"":-76.937095,""turno"":""Mañana-Noche"",""estado_codigo"":""1"",""estado"":""Activo"",""fecha_actualizacion_fuente"":""13-08-2026"",""modalidad"":""SUPERIOR""}",true,2026
1114768,846462,PERUANO DE SISTEMAS SISE,Privada,SAN MIGUEL,JIRON FEDERICO GALLESE 847,"{""director"":""BAYETTO VASQUEZ MIRKO LUIS"",""telefono"":""4447279"",""email"":null,""pagweb"":""www.sise.edu.pe"",""dependencia"":""Particular"",""nivel_modalidad"":""Instituto Superior Tecnológico"",""region"":""DRE LIMA METROPOLITANA"",""dre_ugel"":""DRE LIMA METROPOLITANA"",""latitud"":-12.092533,""longitud"":-77.079153,""turno"":""Mañana-Noche"",""estado_codigo"":""1"",""estado"":""Activo"",""fecha_actualizacion_fuente"":""13-08-2026"",""modalidad"":""SUPERIOR""}",true,2026
1114768,846476,PERUANO DE SISTEMAS SISE,Privada,SAN JUAN DE LURIGANCHO,FUNDO AZCARRUNZ SUB LOTE 6.1,"{""director"":""BAYETTO VASQUEZ MIRKO LUIS"",""telefono"":""4447279"",""email"":null,""pagweb"":""www.sise.edu.pe"",""dependencia"":""Particular"",""nivel_modalidad"":""Instituto Superior Tecnológico"",""region"":""DRE LIMA METROPOLITANA"",""dre_ugel"":""DRE LIMA METROPOLITANA"",""latitud"":-12.02962,""longitud"":-77.009968,""turno"":""Mañana-Noche"",""estado_codigo"":""1"",""estado"":""Activo"",""fecha_actualizacion_fuente"":""13-08-2026"",""modalidad"":""SUPERIOR""}",true,2026
1114768,865610,PERUANO DE SISTEMAS SISE,Privada,COMAS,AVENIDA UNIVERSITARIA NORTE 7085,"{""director"":""BAYETTO VASQUEZ MIRKO LUIS"",""telefono"":""4447279"",""email"":null,""pagweb"":""www.sise.edu.pe"",""dependencia"":""Particular"",""nivel_modalidad"":""Instituto Superior Tecnológico"",""region"":""DRE LIMA METROPOLITANA"",""dre_ugel"":""DRE LIMA METROPOLITANA"",""latitud"":-11.95714,""longitud"":-77.049835,""turno"":""Mañana-Noche"",""estado_codigo"":""1"",""estado"":""Activo"",""fecha_actualizacion_fuente"":""13-08-2026"",""modalidad"":""SUPERIOR""}",true,2026
1114768,865629,PERUANO DE SISTEMAS SISE,Privada,PUENTE PIEDRA,AVENIDA SAENZ PEÑA 396-398 CRUCE JR.RICARDO PALMA 271-263,"{""director"":""BAYETTO VASQUEZ MIRKO LUIS"",""telefono"":""4447279"",""email"":null,""pagweb"":""www.sise.edu.pe"",""dependencia"":""Particular"",""nivel_modalidad"":""Instituto Superior Tecnológico"",""region"":""DRE LIMA METROPOLITANA"",""dre_ugel"":""DRE LIMA METROPOLITANA"",""latitud"":-11.86678,""longitud"":-77.077715,""turno"":""Mañana-Noche"",""estado_codigo"":""1"",""estado"":""Activo"",""fecha_actualizacion_fuente"":""13-08-2026"",""modalidad"":""SUPERIOR""}",true,2026
1114768,867987,PERUANO DE SISTEMAS SISE,Privada,MIRAFLORES,CALLE CANTUARIAS 385,"{""director"":""BAYETTO VASQUEZ MIRKO LUIS"",""telefono"":""4447279"",""email"":null,""pagweb"":""www.sise.edu.pe"",""dependencia"":""Particular"",""nivel_modalidad"":""Instituto Superior Tecnológico"",""region"":""DRE LIMA METROPOLITANA"",""dre_ugel"":""DRE LIMA METROPOLITANA"",""latitud"":-12.121701,""longitud"":-77.029137,""turno"":""Mañana-Noche"",""estado_codigo"":""1"",""estado"":""Activo"",""fecha_actualizacion_fuente"":""13-08-2026"",""modalidad"":""SUPERIOR""}",true,2026
1123405,841167,CERTUS,Privada,SAN MARTIN DE PORRES,AVENIDA INDUSTRIAL 3733,"{""director"":""TUESTA GUTIERREZ DE PREPOLEC ANA ELISA"",""telefono"":""2020901"",""email"":""consultas@certus.edu.pe"",""pagweb"":""www.certus.edu.pe"",""dependencia"":""Particular"",""nivel_modalidad"":""Instituto Superior Tecnológico"",""region"":""DRE LIMA METROPOLITANA"",""dre_ugel"":""DRE LIMA METROPOLITANA"",""latitud"":-12.029867,""longitud"":-77.05831,""turno"":""Mañana-Noche"",""estado_codigo"":""1"",""estado"":""Activo"",""fecha_actualizacion_fuente"":""13-08-2026"",""modalidad"":""SUPERIOR""}",true,2026
1123405,841172,CERTUS,Privada,SAN JUAN DE LURIGANCHO,AVENIDA PIRAMINES DEL SOL 810,"{""director"":""TUESTA GUTIERREZ DE PREPOLEC ANA ELISA"",""telefono"":""2020901"",""email"":""consultas@certus.edu.pe"",""pagweb"":""www.certus.edu.pe"",""dependencia"":""Particular"",""nivel_modalidad"":""Instituto Superior Tecnológico"",""region"":""DRE LIMA METROPOLITANA"",""dre_ugel"":""DRE LIMA METROPOLITANA"",""latitud"":-12.02962,""longitud"":-77.009968,""turno"":""Mañana-Noche"",""estado_codigo"":""1"",""estado"":""Activo"",""fecha_actualizacion_fuente"":""13-08-2026"",""modalidad"":""SUPERIOR""}",true,2026
1123405,841186,CERTUS,Privada,ATE,AVENIDA NICOLAS AYLLON 6420 LOTE 14,"{""director"":""TUESTA GUTIERREZ DE PREPOLEC ANA ELISA"",""telefono"":""2020901"",""email"":""consultas@certus.edu.pe"",""pagweb"":""www.certus.edu.pe"",""dependencia"":""Particular"",""nivel_modalidad"":""Instituto Superior Tecnológico"",""region"":""DRE LIMA METROPOLITANA"",""dre_ugel"":""DRE LIMA METROPOLITANA"",""latitud"":-12.025933,""longitud"":-76.918729,""turno"":""Mañana-Noche"",""estado_codigo"":""1"",""estado"":""Activo"",""fecha_actualizacion_fuente"":""13-08-2026"",""modalidad"":""SUPERIOR""}",true,2026
1123405,856069,CERTUS,Privada,VILLA EL SALVADOR,AVENIDA PACHACUTEC S/N MZ B LOTE 7A Y 8A,"{""director"":""TUESTA GUTIERREZ DE PREPOLEC ANA ELISA"",""telefono"":""2020901"",""email"":""consultas@certus.edu.pe"",""pagweb"":""www.certus.edu.pe"",""dependencia"":""Particular"",""nivel_modalidad"":""Instituto Superior Tecnológico"",""region"":""DRE LIMA METROPOLITANA"",""dre_ugel"":""DRE LIMA METROPOLITANA"",""latitud"":-12.060342,""longitud"":-77.140681,""turno"":""Mañana-Noche"",""estado_codigo"":""1"",""estado"":""Activo"",""fecha_actualizacion_fuente"":""13-08-2026"",""modalidad"":""SUPERIOR""}",true,2026
1779867,846848,ZEGEL,Privada,LIMA,AVENIDA AREQUIPA 1098,"{""director"":""ZAKIMI MIYASATO BEATRIZ"",""telefono"":""4611861"",""email"":null,""pagweb"":null,""dependencia"":""Particular"",""nivel_modalidad"":""Escuela Superior Tecnológica"",""region"":""DRE LIMA METROPOLITANA"",""dre_ugel"":""DRE LIMA METROPOLITANA"",""latitud"":-12.04592,""longitud"":-77.030496,""turno"":""Mañana"",""estado_codigo"":""1"",""estado"":""Activo"",""fecha_actualizacion_fuente"":""13-08-2026"",""modalidad"":""SUPERIOR""}",true,2026
1779867,856088,ZEGEL,Privada,ATE,AVENIDA NICOLAS AYLLON 4770,"{""director"":""ZAKIMI MIYASATO BEATRIZ"",""telefono"":""4611861"",""email"":null,""pagweb"":null,""dependencia"":""Particular"",""nivel_modalidad"":""Escuela Superior Tecnológica"",""region"":""DRE LIMA METROPOLITANA"",""dre_ugel"":""DRE LIMA METROPOLITANA"",""latitud"":-12.025933,""longitud"":-76.918729,""turno"":""Mañana"",""estado_codigo"":""1"",""estado"":""Activo"",""fecha_actualizacion_fuente"":""13-08-2026"",""modalidad"":""SUPERIOR""}",true,2026
1779867,863574,ZEGEL,Privada,SAN JUAN DE LURIGANCHO,AVENIDA EL PACIFICO 471 MZ F LOTE SUBLOTE 16-B,"{""director"":""ZAKIMI MIYASATO BEATRIZ"",""telefono"":""4611861"",""email"":null,""pagweb"":null,""dependencia"":""Particular"",""nivel_modalidad"":""Escuela Superior Tecnológica"",""region"":""DRE LIMA METROPOLITANA"",""dre_ugel"":""DRE LIMA METROPOLITANA"",""latitud"":-12.017196,""longitud"":-77.003903,""turno"":""Mañana"",""estado_codigo"":""1"",""estado"":""Activo"",""fecha_actualizacion_fuente"":""13-08-2026"",""modalidad"":""SUPERIOR""}",true,2026
1779867,863606,ZEGEL,Privada,LIMA,JIRON WASHINGTON 1493 Y AV. 9 DE DICIEMBRE 280 S/N EX PASEO COLON,"{""director"":""ZAKIMI MIYASATO BEATRIZ"",""telefono"":""4611861"",""email"":null,""pagweb"":null,""dependencia"":""Particular"",""nivel_modalidad"":""Escuela Superior Tecnológica"",""region"":""DRE LIMA METROPOLITANA"",""dre_ugel"":""DRE LIMA METROPOLITANA"",""latitud"":-12.04592,""longitud"":-77.030496,""turno"":""Mañana"",""estado_codigo"":""1"",""estado"":""Activo"",""fecha_actualizacion_fuente"":""13-08-2026"",""modalidad"":""SUPERIOR""}",true,2026
1779867,863611,ZEGEL,Privada,SAN JUAN DE MIRAFLORES,AVENIDA PEDRO JOSE MIOTTA 850-852 LOTE 5-B,"{""director"":""ZAKIMI MIYASATO BEATRIZ"",""telefono"":""4611861"",""email"":null,""pagweb"":null,""dependencia"":""Particular"",""nivel_modalidad"":""Escuela Superior Tecnológica"",""region"":""DRE LIMA METROPOLITANA"",""dre_ugel"":""DRE LIMA METROPOLITANA"",""latitud"":-12.164681,""longitud"":-76.976575,""turno"":""Mañana"",""estado_codigo"":""1"",""estado"":""Activo"",""fecha_actualizacion_fuente"":""13-08-2026"",""modalidad"":""SUPERIOR""}",true,2026
1779867,867992,ZEGEL,Privada,LA VICTORIA,AVENIDA REPUBLICA DE PANAMA 2557 MZ U LOTE 21 AL 24,"{""director"":""ZAKIMI MIYASATO BEATRIZ"",""telefono"":""4611861"",""email"":null,""pagweb"":null,""dependencia"":""Particular"",""nivel_modalidad"":""Escuela Superior Tecnológica"",""region"":""DRE LIMA METROPOLITANA"",""dre_ugel"":""DRE LIMA METROPOLITANA"",""latitud"":-12.064864,""longitud"":-77.030837,""turno"":""Mañana"",""estado_codigo"":""1"",""estado"":""Activo"",""fecha_actualizacion_fuente"":""13-08-2026"",""modalidad"":""SUPERIOR""}",true,2026
1802560,867906,SIDET,Privada,LA VICTORIA,AVENIDA PASEO DE LA REPUBLICA 2143-2145-2147,"{""director"":""CUEVA GARAMENDI CARMEN MARIA"",""telefono"":null,""email"":null,""pagweb"":null,""dependencia"":""Particular"",""nivel_modalidad"":""Instituto Superior Tecnológico"",""region"":""DRE LIMA METROPOLITANA"",""dre_ugel"":""DRE LIMA METROPOLITANA"",""latitud"":-12.064864,""longitud"":-77.030837,""turno"":""Mañana-Noche"",""estado_codigo"":""1"",""estado"":""Activo"",""fecha_actualizacion_fuente"":""13-08-2026"",""modalidad"":""SUPERIOR""}",true,2026
1468206,868010,INSTITUTO POLITECNICO,Privada,SAN ISIDRO,AVENIDA AREQUIPA 2855-2865,"{""director"":""CHANG SVENSSON MARIA MANUELA"",""telefono"":""2226860 - 2227929"",""email"":null,""pagweb"":""www.vap.com.pe"",""dependencia"":""Particular"",""nivel_modalidad"":""Instituto Superior Tecnológico"",""region"":""DRE LIMA METROPOLITANA"",""dre_ugel"":""DRE LIMA METROPOLITANA"",""latitud"":-12.098933,""longitud"":-77.034582,""turno"":""Mañana-Noche"",""estado_codigo"":""1"",""estado"":""Activo"",""fecha_actualizacion_fuente"":""13-08-2026"",""modalidad"":""SUPERIOR""}",true,2026
1123637,868072,SAN IGNACIO DE MONTERRICO - SIDEM,Privada,PACHACAMAC,MZ C-10 LOTE 01 SECTOR C,"{""director"":null,""telefono"":""2751319"",""email"":null,""pagweb"":""www.sidem.edu.pe"",""dependencia"":""Particular"",""nivel_modalidad"":""Instituto Superior Tecnológico"",""region"":""DRE LIMA METROPOLITANA"",""dre_ugel"":""DRE LIMA METROPOLITANA"",""latitud"":-12.214068,""longitud"":-76.907182,""turno"":""Mañana-Noche"",""estado_codigo"":""1"",""estado"":""Activo"",""fecha_actualizacion_fuente"":""13-08-2026"",""modalidad"":""SUPERIOR""}",true,2026
1802636,868128,NOVA,Privada,JESUS MARIA,AVENIDA GENERAL FELIPE SANTIAGO SALAVERRY 938-942-946,"{""director"":""LEON RONDON IRMA CONSUELO"",""telefono"":null,""email"":null,""pagweb"":null,""dependencia"":""Particular"",""nivel_modalidad"":""Instituto Superior Tecnológico"",""region"":""DRE LIMA METROPOLITANA"",""dre_ugel"":""DRE LIMA METROPOLITANA"",""latitud"":-12.07431,""longitud"":-77.04215,""turno"":""Mañana-Tarde-Noche"",""estado_codigo"":""1"",""estado"":""Activo"",""fecha_actualizacion_fuente"":""13-08-2026"",""modalidad"":""SUPERIOR""}",true,2026
1802651,868152,IGEBAN,Privada,LOS OLIVOS,AVENIDA ALFREDO MENDIOLA 3825,"{""director"":""CHUMPITAZ PANTA ELVA"",""telefono"":null,""email"":null,""pagweb"":null,""dependencia"":""Particular"",""nivel_modalidad"":""Instituto Superior Tecnológico"",""region"":""DRE LIMA METROPOLITANA"",""dre_ugel"":""DRE LIMA METROPOLITANA"",""latitud"":-11.991662,""longitud"":-77.070904,""turno"":""Mañana"",""estado_codigo"":""1"",""estado"":""Activo"",""fecha_actualizacion_fuente"":""13-08-2026"",""modalidad"":""SUPERIOR""}",true,2026
